-- phpMyAdmin SQL Dump
-- version 5.0.2
-- https://www.phpmyadmin.net/
--
-- Hôte : 127.0.0.1:3306
-- Généré le : mer. 14 avr. 2021 à 19:59
-- Version du serveur :  8.0.21
-- Version de PHP : 7.3.21

SET SQL_MODE = "NO_AUTO_VALUE_ON_ZERO";
START TRANSACTION;
SET time_zone = "+00:00";


/*!40101 SET @OLD_CHARACTER_SET_CLIENT=@@CHARACTER_SET_CLIENT */;
/*!40101 SET @OLD_CHARACTER_SET_RESULTS=@@CHARACTER_SET_RESULTS */;
/*!40101 SET @OLD_COLLATION_CONNECTION=@@COLLATION_CONNECTION */;
/*!40101 SET NAMES utf8mb4 */;

--
-- Base de données : `sid`
--

-- --------------------------------------------------------

--
-- Structure de la table `annee`
--

DROP TABLE IF EXISTS `annee`;
CREATE TABLE IF NOT EXISTS `annee` (
  `id_annee` bigint NOT NULL,
  `annee` text COLLATE utf8_bin,
  PRIMARY KEY (`id_annee`)
) ENGINE=MyISAM DEFAULT CHARSET=utf8 COLLATE=utf8_bin;

--
-- Déchargement des données de la table `annee`
--

INSERT INTO `annee` (`id_annee`, `annee`) VALUES
(1, '2020'),
(2, '2021');

-- --------------------------------------------------------

--
-- Structure de la table `departement`
--

DROP TABLE IF EXISTS `departement`;
CREATE TABLE IF NOT EXISTS `departement` (
  `id_dpt` bigint NOT NULL,
  `codedpt` bigint DEFAULT NULL,
  `nomdpt` text COLLATE utf8_bin,
  `pop` bigint DEFAULT NULL,
  PRIMARY KEY (`id_dpt`)
) ENGINE=MyISAM DEFAULT CHARSET=utf8 COLLATE=utf8_bin;

--
-- Déchargement des données de la table `departement`
--

INSERT INTO `departement` (`id_dpt`, `codedpt`, `nomdpt`, `pop`) VALUES
(1, 46, 'Lot', 171000),
(2, 32, 'Gers', 189000),
(3, 82, 'Tarn-et-Garonne', 261500),
(4, 9, 'Ariège', 152000),
(5, 30, 'Gard', 745000),
(6, 12, 'Aveyron', 277900),
(7, 31, 'Haute-Garonne', 1390000),
(8, 81, 'Tarn', 387600),
(9, 65, 'Hautes-Pyrénées', 225000),
(10, 66, 'Pyrénées-Orientales', 481691),
(11, 11, 'Aude', 368000),
(12, 34, 'Hérault', 1165000),
(13, 48, 'Lozère', 75700);

-- --------------------------------------------------------

--
-- Structure de la table `donnees`
--

DROP TABLE IF EXISTS `donnees`;
CREATE TABLE IF NOT EXISTS `donnees` (
  `id_jour` bigint DEFAULT NULL,
  `id_dpt` bigint DEFAULT NULL,
  `nbhosp` double DEFAULT NULL,
  `nbintens` bigint DEFAULT NULL,
  `nbdeces` double DEFAULT NULL,
  `nbhospfr` double DEFAULT NULL,
  `nbdecesfr` double DEFAULT NULL,
  `reacapacite` double DEFAULT NULL,
  KEY `id_jour` (`id_jour`),
  KEY `id_dpt` (`id_dpt`)
) ENGINE=MyISAM DEFAULT CHARSET=utf8 COLLATE=utf8_bin;

--
-- Déchargement des données de la table `donnees`
--

INSERT INTO `donnees` (`id_jour`, `id_dpt`, `nbhosp`, `nbintens`, `nbdeces`, `nbhospfr`, `nbdecesfr`, `reacapacite`) VALUES
(1, 1, NULL, 0, NULL, NULL, NULL, 88),
(1, 2, NULL, 1, NULL, NULL, NULL, 13),
(1, 3, NULL, 0, NULL, NULL, NULL, 100),
(1, 4, NULL, 1, NULL, NULL, NULL, 100),
(1, 5, NULL, 3, NULL, NULL, NULL, 100),
(1, 6, NULL, 2, NULL, NULL, NULL, 91),
(1, 7, NULL, 5, NULL, NULL, NULL, 64),
(1, 8, NULL, 0, NULL, NULL, NULL, 100),
(1, 9, NULL, 0, NULL, NULL, NULL, 100),
(1, 10, NULL, 5, NULL, NULL, NULL, 100),
(1, 11, NULL, 7, NULL, NULL, NULL, 100),
(1, 12, NULL, 15, NULL, NULL, NULL, 77),
(1, 13, NULL, 0, NULL, NULL, NULL, 100),
(2, 5, 1, 1, 1, NULL, NULL, 100),
(2, 7, 8, 6, 1, NULL, NULL, 64),
(2, 9, 2, 1, 0, NULL, NULL, 100),
(2, 8, 2, 1, 0, NULL, NULL, 100),
(2, 6, 4, 2, 1, NULL, NULL, 91),
(2, 13, 0, 0, 0, NULL, NULL, 100),
(2, 10, 19, 11, 3, NULL, NULL, 100),
(2, 2, 2, 3, 0, NULL, NULL, 13),
(2, 12, 24, 18, 2, NULL, NULL, 77),
(2, 3, 0, 0, 0, NULL, NULL, 100),
(2, 11, 19, 11, 3, NULL, NULL, 100),
(2, 4, 0, 1, 0, 2229, 155, 100),
(2, 1, 1, 0, 0, NULL, NULL, 88),
(3, 7, 13, 10, 1, NULL, NULL, 64),
(3, 3, 0, 0, 0, NULL, NULL, 100),
(3, 5, 4, 1, 0, NULL, NULL, 100),
(3, 1, 0, 0, 0, NULL, NULL, 88),
(3, 4, 1, 1, 0, 1256, 83, 100),
(3, 11, 10, 11, 2, NULL, NULL, 100),
(3, 13, 0, 0, 0, NULL, NULL, 100),
(3, 12, 15, 21, 1, NULL, NULL, 77),
(3, 6, 4, 2, 0, NULL, NULL, 91),
(3, 8, 3, 1, 0, NULL, NULL, 100),
(3, 10, 7, 15, 1, NULL, NULL, 100),
(3, 2, 0, 3, 0, NULL, NULL, 13),
(3, 9, 0, 1, 0, NULL, NULL, 100),
(4, 8, 1, 1, 1, NULL, NULL, 100),
(4, 3, 2, 1, 0, NULL, NULL, 100),
(4, 6, 1, 2, 0, NULL, NULL, 91),
(4, 1, 4, 0, 0, NULL, NULL, 88),
(4, 7, 19, 14, 0, NULL, NULL, 64),
(4, 11, 2, 9, 3, NULL, NULL, 100),
(4, 4, 1, 1, 0, 1540, 115, 100),
(4, 2, 1, 3, 0, NULL, NULL, 13),
(4, 10, 1, 15, 1, NULL, NULL, 100),
(4, 5, 4, 1, 0, NULL, NULL, 100),
(4, 13, 0, 0, 0, NULL, NULL, 100),
(4, 12, 19, 22, 0, NULL, NULL, 77),
(4, 9, 3, 1, 0, NULL, NULL, 100),
(5, 13, 2, 0, 0, NULL, NULL, 100),
(5, 1, 0, 0, 0, NULL, NULL, 88),
(5, 8, 2, 2, 0, NULL, NULL, 100),
(5, 3, 1, 1, 0, NULL, NULL, 100),
(5, 11, 5, 9, 1, NULL, NULL, 100),
(5, 6, 2, 2, 0, NULL, NULL, 91),
(5, 12, 11, 22, 2, NULL, NULL, 77),
(5, 5, 5, 1, 1, NULL, NULL, 100),
(5, 10, 41, 20, 0, NULL, NULL, 100),
(5, 2, 0, 3, 0, NULL, NULL, 13),
(5, 9, 2, 1, 0, NULL, NULL, 100),
(5, 4, 1, 1, 0, 1534, 124, 100),
(5, 7, 14, 16, 0, NULL, NULL, 64),
(6, 5, 3, 5, 0, NULL, NULL, 100),
(6, 4, 1, 3, 0, 2053, 189, 100),
(6, 8, 0, 3, 0, NULL, NULL, 100),
(6, 3, 0, 1, 0, NULL, NULL, 100),
(6, 10, 23, 22, 1, NULL, NULL, 100),
(6, 13, 2, 0, 0, NULL, NULL, 100),
(6, 7, 16, 19, 0, NULL, NULL, 64),
(6, 11, 14, 13, 0, NULL, NULL, 100),
(6, 12, 23, 29, 3, NULL, NULL, 77),
(6, 6, 1, 2, 0, NULL, NULL, 91),
(6, 9, 2, 1, 0, NULL, NULL, 100),
(6, 1, 0, 0, 0, NULL, NULL, 88),
(6, 2, 1, 3, 0, NULL, NULL, 13),
(7, 10, 16, 28, 1, NULL, NULL, 100),
(7, 11, 5, 11, 2, NULL, NULL, 100),
(7, 3, 1, 1, 0, NULL, NULL, 100),
(7, 6, 6, 3, 0, NULL, NULL, 91),
(7, 1, 0, 0, 0, NULL, NULL, 88),
(7, 7, 29, 28, 1, NULL, NULL, 64),
(7, 5, 4, 8, 2, NULL, NULL, 100),
(7, 12, 26, 34, 1, NULL, NULL, 77),
(7, 13, 4, 2, 0, NULL, NULL, 100),
(7, 8, 1, 3, 0, NULL, NULL, 100),
(7, 4, 0, 3, 0, 2618, 244, 100),
(7, 2, 3, 3, 0, NULL, NULL, 13),
(7, 9, 0, 1, 0, NULL, NULL, 100),
(8, 1, 1, 1, 0, NULL, NULL, 88),
(8, 8, 8, 7, 0, NULL, NULL, 100),
(8, 10, 20, 30, 0, NULL, NULL, 100),
(8, 3, 0, 1, 0, NULL, NULL, 100),
(8, 9, 1, 2, 0, NULL, NULL, 100),
(8, 2, 3, 3, 0, NULL, NULL, 13),
(8, 11, 12, 12, 3, NULL, NULL, 100),
(8, 13, 1, 2, 0, NULL, NULL, 100),
(8, 7, 28, 36, 0, NULL, NULL, 64),
(8, 5, 7, 10, 1, NULL, NULL, 100),
(8, 4, 5, 3, 0, 3166, 293, 100),
(8, 12, 45, 36, 3, NULL, NULL, 77),
(8, 6, 3, 4, 0, NULL, NULL, 91),
(9, 4, 0, 3, 0, 3097, 318, 100),
(9, 13, 0, 2, 0, NULL, NULL, 100),
(9, 5, 0, 11, 0, NULL, NULL, 100),
(9, 1, 1, 1, 0, NULL, NULL, 88),
(9, 8, 10, 10, 0, NULL, NULL, 100),
(9, 11, 13, 11, 1, NULL, NULL, 100),
(9, 7, 35, 55, 0, NULL, NULL, 64),
(9, 12, 37, 37, 3, NULL, NULL, 77),
(9, 9, 11, 2, 1, NULL, NULL, 100),
(9, 2, 0, 3, 0, NULL, NULL, 13),
(9, 6, 8, 5, 3, NULL, NULL, 91),
(9, 10, 23, 35, 1, NULL, NULL, 100),
(9, 3, 0, 2, 0, NULL, NULL, 100),
(10, 1, 0, 1, 0, NULL, NULL, 88),
(10, 3, 1, 2, 0, NULL, NULL, 100),
(10, 12, 38, 43, 2, NULL, NULL, 77),
(10, 10, 13, 32, 1, NULL, NULL, 100),
(10, 8, 4, 12, 0, NULL, NULL, 100),
(10, 5, 11, 11, 1, NULL, NULL, 100),
(10, 11, 12, 14, 0, NULL, NULL, 100),
(10, 4, 1, 1, 0, 3059, 307, 100),
(10, 2, 5, 4, 0, NULL, NULL, 13),
(10, 6, 6, 6, 1, NULL, NULL, 91),
(10, 9, 2, 3, 0, NULL, NULL, 100),
(10, 7, 23, 56, 2, NULL, NULL, 64),
(10, 13, 0, 2, 0, NULL, NULL, 100),
(11, 1, 1, 1, 0, NULL, NULL, 88),
(11, 3, 0, 2, 0, NULL, NULL, 100),
(11, 5, 12, 14, 0, NULL, NULL, 100),
(11, 2, 1, 4, 0, NULL, NULL, 13),
(11, 4, 0, 1, 0, 3353, 326, 100),
(11, 6, 13, 6, 1, NULL, NULL, 91),
(11, 7, 17, 60, 1, NULL, NULL, 64),
(11, 11, 21, 19, 2, NULL, NULL, 100),
(11, 13, 2, 2, 0, NULL, NULL, 100),
(11, 8, 5, 13, 0, NULL, NULL, 100),
(11, 12, 47, 51, 3, NULL, NULL, 77),
(11, 9, 6, 5, 0, NULL, NULL, 100),
(11, 10, 25, 34, 0, NULL, NULL, 100),
(12, 9, 5, 5, 0, NULL, NULL, 100),
(12, 7, 25, 65, 1, NULL, NULL, 64),
(12, 2, 4, 4, 0, NULL, NULL, 13),
(12, 1, 4, 2, 0, NULL, NULL, 88),
(12, 4, 0, 2, 0, 2685, 295, 100),
(12, 3, 0, 2, 0, NULL, NULL, 100),
(12, 8, 7, 17, 0, NULL, NULL, 100),
(12, 12, 38, 58, 2, NULL, NULL, 77),
(12, 5, 6, 13, 3, NULL, NULL, 100),
(12, 11, 18, 18, 0, NULL, NULL, 100),
(12, 13, 1, 2, 0, NULL, NULL, 100),
(12, 10, 17, 33, 2, NULL, NULL, 100),
(12, 6, 2, 6, 0, NULL, NULL, 91),
(13, 11, 19, 20, 1, NULL, NULL, 100),
(13, 10, 11, 37, 2, NULL, NULL, 100),
(13, 1, 0, 2, 0, NULL, NULL, 88),
(13, 13, 1, 2, 0, NULL, NULL, 100),
(13, 9, 6, 7, 0, NULL, NULL, 100),
(13, 12, 24, 67, 1, NULL, NULL, 77),
(13, 4, 2, 3, 0, 3108, 423, 100),
(13, 5, 5, 17, 0, NULL, NULL, 100),
(13, 6, 10, 8, 0, NULL, NULL, 91),
(13, 8, 5, 17, 1, NULL, NULL, 100),
(13, 7, 34, 78, 0, NULL, NULL, 64),
(13, 3, 4, 5, 0, NULL, NULL, 100),
(13, 2, 1, 4, 1, NULL, NULL, 13),
(14, 3, 2, 5, 0, NULL, NULL, 100),
(14, 4, 3, 3, 0, 4146, 526, 100),
(14, 9, 2, 7, 0, NULL, NULL, 100),
(14, 7, 27, 83, 0, NULL, NULL, 64),
(14, 11, 15, 18, 2, NULL, NULL, 100),
(14, 8, 5, 18, 0, NULL, NULL, 100),
(14, 1, 0, 2, 0, NULL, NULL, 88),
(14, 5, 18, 20, 1, NULL, NULL, 100),
(14, 13, 0, 2, 0, NULL, NULL, 100),
(14, 2, 3, 4, 1, NULL, NULL, 13),
(14, 6, 6, 10, 0, NULL, NULL, 91),
(14, 12, 38, 69, 5, NULL, NULL, 77),
(14, 10, 19, 35, 1, NULL, NULL, 100),
(15, 5, 20, 26, 0, NULL, NULL, 100),
(15, 11, 17, 20, 2, NULL, NULL, 100),
(15, 4, 5, 6, 0, 4281, 516, 100),
(15, 7, 21, 91, 4, NULL, NULL, 64),
(15, 3, 4, 5, 1, NULL, NULL, 100),
(15, 2, 8, 4, 1, NULL, NULL, 13),
(15, 1, 12, 3, 0, NULL, NULL, 88),
(15, 10, 13, 35, 1, NULL, NULL, 100),
(15, 8, 11, 19, 1, NULL, NULL, 100),
(15, 13, 2, 2, 0, NULL, NULL, 100),
(15, 6, 4, 10, 1, NULL, NULL, 91),
(15, 9, 13, 7, 0, NULL, NULL, 100),
(15, 12, 33, 76, 6, NULL, NULL, 77),
(16, 9, 6, 6, 2, NULL, NULL, 100),
(16, 6, 9, 11, 0, NULL, NULL, 91),
(16, 11, 31, 19, 0, NULL, NULL, 100),
(16, 13, 1, 1, 0, NULL, NULL, 100),
(16, 12, 30, 78, 4, NULL, NULL, 77),
(16, 10, 11, 34, 1, NULL, NULL, 100),
(16, 3, 0, 6, 0, NULL, NULL, 100),
(16, 2, 4, 5, 0, NULL, NULL, 13),
(16, 8, 10, 24, 0, NULL, NULL, 100),
(16, 1, 5, 6, 0, NULL, NULL, 88),
(16, 5, 10, 30, 1, NULL, NULL, 100),
(16, 4, 2, 6, 1, 3845, 524, 100),
(16, 7, 19, 95, 2, NULL, NULL, 64),
(17, 6, 13, 11, 1, NULL, NULL, 91),
(17, 11, 7, 19, 4, NULL, NULL, 100),
(17, 13, 0, 1, 0, NULL, NULL, 100),
(17, 7, 15, 97, 0, NULL, NULL, 64),
(17, 4, 0, 6, 0, 3627, 606, 100),
(17, 8, 4, 23, 0, NULL, NULL, 100),
(17, 1, 9, 4, 0, NULL, NULL, 88),
(17, 2, 2, 5, 2, NULL, NULL, 13),
(17, 9, 4, 6, 0, NULL, NULL, 100),
(17, 5, 2, 30, 2, NULL, NULL, 100),
(17, 10, 10, 34, 0, NULL, NULL, 100),
(17, 3, 2, 6, 0, NULL, NULL, 100),
(17, 12, 41, 80, 4, NULL, NULL, 77),
(18, 13, 0, 1, 0, NULL, NULL, 100),
(18, 10, 11, 36, 1, NULL, NULL, 100),
(18, 3, 0, 7, 0, NULL, NULL, 100),
(18, 5, 0, 29, 1, NULL, NULL, 100),
(18, 4, 1, 5, 0, 2822, 448, 100),
(18, 8, 2, 23, 0, NULL, NULL, 100),
(18, 1, 0, 4, 0, NULL, NULL, 88),
(18, 2, 4, 5, 2, NULL, NULL, 13),
(18, 7, 13, 105, 1, NULL, NULL, 64),
(18, 12, 11, 77, 8, NULL, NULL, 77),
(18, 9, 8, 5, 2, NULL, NULL, 100),
(18, 6, 10, 11, 2, NULL, NULL, 91),
(18, 11, 8, 20, 0, NULL, NULL, 100),
(19, 3, 6, 7, 0, NULL, NULL, 100),
(19, 11, 8, 18, 3, NULL, NULL, 100),
(19, 10, 7, 31, 0, NULL, NULL, 100),
(19, 7, 4, 102, 1, NULL, NULL, 64),
(19, 4, 3, 5, 0, 1931, 361, 100),
(19, 9, 14, 7, 2, NULL, NULL, 100),
(19, 13, 0, 1, 0, NULL, NULL, 100),
(19, 8, 3, 24, 1, NULL, NULL, 100),
(19, 1, 0, 5, 0, NULL, NULL, 88),
(19, 12, 20, 71, 1, NULL, NULL, 77),
(19, 6, 3, 9, 2, NULL, NULL, 91),
(19, 5, 24, 36, 0, NULL, NULL, 100),
(19, 2, 2, 5, 0, NULL, NULL, 13),
(20, 6, 6, 9, 0, NULL, NULL, 91),
(20, 12, 21, 70, 2, NULL, NULL, 77),
(20, 11, 7, 15, 4, NULL, NULL, 100),
(20, 8, 3, 24, 1, NULL, NULL, 100),
(20, 13, 0, 1, 0, NULL, NULL, 100),
(20, 7, 13, 107, 2, NULL, NULL, 64),
(20, 10, 9, 32, 1, NULL, NULL, 100),
(20, 1, 9, 8, 0, NULL, NULL, 88),
(20, 3, 2, 10, 1, NULL, NULL, 100),
(20, 9, 4, 7, 0, NULL, NULL, 100),
(20, 5, 20, 41, 3, NULL, NULL, 100),
(20, 4, 1, 4, 0, 2754, 613, 100),
(20, 2, 1, 5, 0, NULL, NULL, 13),
(21, 11, 13, 17, 0, NULL, NULL, 100),
(21, 7, 16, 102, 3, NULL, NULL, 64),
(21, 4, 2, 4, 0, 3277, 607, 100),
(21, 12, 25, 70, 3, NULL, NULL, 77),
(21, 9, 7, 6, 0, NULL, NULL, 100),
(21, 8, 10, 27, 0, NULL, NULL, 100),
(21, 13, 0, 1, 0, NULL, NULL, 100),
(21, 6, 4, 9, 1, NULL, NULL, 91),
(21, 5, 13, 43, 0, NULL, NULL, 100),
(21, 1, 7, 8, 0, NULL, NULL, 88),
(21, 2, 4, 5, 1, NULL, NULL, 13),
(21, 10, 9, 35, 2, NULL, NULL, 100),
(21, 3, 0, 9, 0, NULL, NULL, 100),
(22, 2, 4, 4, 0, NULL, NULL, 13),
(22, 12, 14, 69, 3, NULL, NULL, 77),
(22, 3, 2, 11, 0, NULL, NULL, 100),
(22, 4, 3, 4, 0, 3139, 562, 100),
(22, 13, 0, 1, 0, NULL, NULL, 100),
(22, 11, 4, 14, 3, NULL, NULL, 100),
(22, 7, 10, 108, 2, NULL, NULL, 64),
(22, 10, 5, 31, 0, NULL, NULL, 100),
(22, 1, 5, 9, 1, NULL, NULL, 88),
(22, 5, 8, 41, 4, NULL, NULL, 100),
(22, 6, 3, 8, 1, NULL, NULL, 91),
(22, 8, 3, 22, 1, NULL, NULL, 100),
(22, 9, 9, 7, 0, NULL, NULL, 100),
(23, 7, 42, 106, 2, NULL, NULL, 64),
(23, 8, 4, 22, 1, NULL, NULL, 100),
(23, 2, 1, 5, 0, NULL, NULL, 13),
(23, 6, 4, 9, 1, NULL, NULL, 91),
(23, 9, 6, 7, 0, NULL, NULL, 100),
(23, 1, 7, 9, 0, NULL, NULL, 88),
(23, 11, 3, 15, 2, NULL, NULL, 100),
(23, 4, 1, 4, 0, 2990, 424, 100),
(23, 13, 0, 1, 0, NULL, NULL, 100),
(23, 5, 8, 41, 0, NULL, NULL, 100),
(23, 12, 12, 66, 2, NULL, NULL, 77),
(23, 3, 2, 11, 0, NULL, NULL, 100),
(23, 10, 3, 32, 0, NULL, NULL, 100),
(24, 3, 2, 10, 0, NULL, NULL, 100),
(24, 6, 7, 8, 2, NULL, NULL, 91),
(24, 2, 1, 4, 0, NULL, NULL, 13),
(24, 5, 14, 41, 1, NULL, NULL, 100),
(24, 1, 5, 8, 1, NULL, NULL, 88),
(24, 12, 20, 67, 8, NULL, NULL, 77),
(24, 11, 6, 15, 1, NULL, NULL, 100),
(24, 13, 0, 1, 0, NULL, NULL, 100),
(24, 9, 11, 6, 0, NULL, NULL, 100),
(24, 10, 9, 33, 1, NULL, NULL, 100),
(24, 8, 2, 20, 2, NULL, NULL, 100),
(24, 7, 25, 97, 3, NULL, NULL, 64),
(24, 4, 1, 4, 0, 3161, 578, 100),
(25, 5, 3, 40, 1, NULL, NULL, 100),
(25, 9, 10, 5, 1, NULL, NULL, 100),
(25, 7, 14, 97, 2, NULL, NULL, 64),
(25, 11, 7, 14, 0, NULL, NULL, 100),
(25, 6, 8, 6, 0, NULL, NULL, 91),
(25, 8, 2, 19, 1, NULL, NULL, 100),
(25, 10, 5, 29, 1, NULL, NULL, 100),
(25, 3, 1, 10, 0, NULL, NULL, 100),
(25, 2, 0, 4, 1, NULL, NULL, 13),
(25, 4, 0, 4, 0, 2044, 353, 100),
(25, 13, 0, 1, 0, NULL, NULL, 100),
(25, 1, 6, 10, 0, NULL, NULL, 88),
(25, 12, 10, 56, 4, NULL, NULL, 77),
(26, 10, 2, 27, 1, NULL, NULL, 100),
(26, 8, 2, 19, 0, NULL, NULL, 100),
(26, 13, 0, 1, 0, NULL, NULL, 100),
(26, 3, 0, 10, 0, NULL, NULL, 100),
(26, 2, 5, 4, 0, NULL, NULL, 13),
(26, 4, 1, 4, 0, 1688, 315, 100),
(26, 11, 17, 14, 1, NULL, NULL, 100),
(26, 7, 11, 97, 0, NULL, NULL, 64),
(26, 6, 2, 6, 1, NULL, NULL, 91),
(26, 1, 0, 10, 0, NULL, NULL, 88),
(26, 9, 10, 6, 0, NULL, NULL, 100),
(26, 12, 5, 56, 0, NULL, NULL, 77),
(26, 5, 3, 40, 3, NULL, NULL, 100),
(27, 4, 0, 4, 0, 1257, 343, 100),
(27, 7, 4, 95, 0, NULL, NULL, 64),
(27, 11, 13, 14, 2, NULL, NULL, 100),
(27, 2, 3, 4, 0, NULL, NULL, 13),
(27, 13, 0, 1, 0, NULL, NULL, 100),
(27, 1, 0, 10, 0, NULL, NULL, 88),
(27, 6, 3, 5, 1, NULL, NULL, 91),
(27, 10, 6, 26, 0, NULL, NULL, 100),
(27, 5, 0, 40, 1, NULL, NULL, 100),
(27, 3, 0, 10, 0, NULL, NULL, 100),
(27, 8, 3, 19, 1, NULL, NULL, 100),
(27, 9, 4, 5, 2, NULL, NULL, 100),
(27, 12, 21, 58, 2, NULL, NULL, 77),
(28, 4, 0, 4, 0, 1965, 559, 100),
(28, 7, 18, 98, 2, NULL, NULL, 64),
(28, 1, 7, 9, 2, NULL, NULL, 88),
(28, 11, 4, 12, 1, NULL, NULL, 100),
(28, 13, 0, 1, 0, NULL, NULL, 100),
(28, 8, 3, 19, 2, NULL, NULL, 100),
(28, 12, 8, 57, 7, NULL, NULL, 77),
(28, 3, 2, 9, 0, NULL, NULL, 100),
(28, 2, 3, 3, 1, NULL, NULL, 13),
(28, 10, 2, 21, 0, NULL, NULL, 100),
(28, 6, 1, 5, 0, NULL, NULL, 91),
(28, 5, 12, 36, 1, NULL, NULL, 100),
(28, 9, 5, 5, 2, NULL, NULL, 100),
(29, 8, 3, 18, 1, NULL, NULL, 100),
(29, 9, 8, 5, 2, NULL, NULL, 100),
(29, 4, 2, 3, 0, 2415, 524, 100),
(29, 10, 3, 17, 1, NULL, NULL, 100),
(29, 6, 3, 4, 0, NULL, NULL, 91),
(29, 2, 3, 3, 0, NULL, NULL, 13),
(29, 3, 4, 8, 0, NULL, NULL, 100),
(29, 7, 13, 97, 1, NULL, NULL, 64),
(29, 13, 0, 1, 0, NULL, NULL, 100),
(29, 1, 3, 8, 2, NULL, NULL, 88),
(29, 5, 13, 36, 0, NULL, NULL, 100),
(29, 12, 9, 55, 5, NULL, NULL, 77),
(29, 11, 4, 10, 0, NULL, NULL, 100),
(30, 5, 14, 36, 1, NULL, NULL, 100),
(30, 12, 6, 51, 1, NULL, NULL, 77),
(30, 8, 2, 16, 1, NULL, NULL, 100),
(30, 7, 5, 95, 0, NULL, NULL, 64),
(30, 3, 2, 8, 0, NULL, NULL, 100),
(30, 2, 4, 3, 0, NULL, NULL, 13),
(30, 1, 2, 8, 0, NULL, NULL, 88),
(30, 9, 1, 5, 0, NULL, NULL, 100),
(30, 6, 1, 4, 0, NULL, NULL, 91),
(30, 13, 0, 1, 0, NULL, NULL, 100),
(30, 4, 0, 2, 0, 2084, 435, 100),
(30, 10, 2, 17, 0, NULL, NULL, 100),
(30, 11, 3, 10, 0, NULL, NULL, 100),
(31, 4, 2, 2, 1, 2166, 428, 100),
(31, 2, 4, 3, 0, NULL, NULL, 13),
(31, 8, 1, 15, 0, NULL, NULL, 100),
(31, 13, 0, 1, 0, NULL, NULL, 100),
(31, 12, 8, 45, 0, NULL, NULL, 77),
(31, 1, 9, 7, 1, NULL, NULL, 88),
(31, 11, 7, 8, 0, NULL, NULL, 100),
(31, 9, 2, 4, 0, NULL, NULL, 100),
(31, 5, 24, 38, 3, NULL, NULL, 100),
(31, 7, 12, 93, 3, NULL, NULL, 64),
(31, 3, 3, 8, 0, NULL, NULL, 100),
(31, 6, 5, 4, 0, NULL, NULL, 91),
(31, 10, 1, 15, 1, NULL, NULL, 100),
(32, 6, 8, 4, 0, NULL, NULL, 91),
(32, 5, 2, 36, 0, NULL, NULL, 100),
(32, 10, 1, 14, 0, NULL, NULL, 100),
(32, 9, 3, 4, 0, NULL, NULL, 100),
(32, 8, 2, 15, 0, NULL, NULL, 100),
(32, 12, 35, 47, 1, NULL, NULL, 77),
(32, 3, 0, 8, 0, NULL, NULL, 100),
(32, 1, 26, 7, 0, NULL, NULL, 88),
(32, 2, 2, 3, 1, NULL, NULL, 13),
(32, 11, 7, 8, 1, NULL, NULL, 100),
(32, 13, 0, 1, 0, NULL, NULL, 100),
(32, 4, 0, 2, 0, 1565, 368, 100),
(32, 7, 4, 91, 0, NULL, NULL, 64),
(33, 2, 2, 3, 0, NULL, NULL, 13),
(33, 4, 0, 2, 0, 890, 231, 100),
(33, 13, 0, 1, 0, NULL, NULL, 100),
(33, 12, 7, 49, 0, NULL, NULL, 77),
(33, 8, 0, 15, 0, NULL, NULL, 100),
(33, 11, 3, 9, 0, NULL, NULL, 100),
(33, 6, 1, 4, 0, NULL, NULL, 91),
(33, 10, 1, 15, 0, NULL, NULL, 100),
(33, 9, 2, 4, 0, NULL, NULL, 100),
(33, 3, 1, 9, 0, NULL, NULL, 100),
(33, 1, 4, 7, 1, NULL, NULL, 88),
(33, 5, 4, 37, 0, NULL, NULL, 100),
(33, 7, 8, 90, 2, NULL, NULL, 64),
(34, 9, 9, 4, 2, NULL, NULL, 100),
(34, 7, 8, 87, 1, NULL, NULL, 64),
(34, 11, 2, 8, 1, NULL, NULL, 100),
(34, 4, 1, 1, 0, 1464, 450, 100),
(34, 6, 4, 4, 0, NULL, NULL, 91),
(34, 1, 17, 8, 3, NULL, NULL, 88),
(34, 2, 8, 5, 0, NULL, NULL, 13),
(34, 13, 0, 1, 0, NULL, NULL, 100),
(34, 5, 27, 38, 3, NULL, NULL, 100),
(34, 12, 9, 46, 4, NULL, NULL, 77),
(34, 10, 1, 13, 1, NULL, NULL, 100),
(34, 3, 2, 8, 0, NULL, NULL, 100),
(34, 8, 0, 11, 2, NULL, NULL, 100),
(35, 13, 0, 1, 0, NULL, NULL, 100),
(35, 8, 0, 11, 0, NULL, NULL, 100),
(35, 2, 3, 5, 2, NULL, NULL, 13),
(35, 1, 10, 9, 2, NULL, NULL, 88),
(35, 11, 11, 9, 1, NULL, NULL, 100),
(35, 9, 0, 4, 1, NULL, NULL, 100),
(35, 4, 0, 1, 0, 1885, 404, 100),
(35, 5, 14, 37, 2, NULL, NULL, 100),
(35, 10, 3, 13, 0, NULL, NULL, 100),
(35, 7, 13, 78, 0, NULL, NULL, 64),
(35, 12, 5, 42, 2, NULL, NULL, 77),
(35, 6, 1, 3, 1, NULL, NULL, 91),
(35, 3, 0, 8, 0, NULL, NULL, 100),
(36, 9, 2, 4, 1, NULL, NULL, 100),
(36, 2, 2, 6, 0, NULL, NULL, 13),
(36, 11, 1, 9, 1, NULL, NULL, 100),
(36, 7, 9, 71, 2, NULL, NULL, 64),
(36, 6, 3, 3, 0, NULL, NULL, 91),
(36, 1, 3, 9, 1, NULL, NULL, 88),
(36, 8, 1, 12, 0, NULL, NULL, 100),
(36, 10, 2, 12, 0, NULL, NULL, 100),
(36, 12, 3, 39, 0, NULL, NULL, 77),
(36, 4, 0, 1, 0, 1619, 349, 100),
(36, 3, 0, 7, 0, NULL, NULL, 100),
(36, 5, 5, 37, 1, NULL, NULL, 100),
(36, 13, 0, 1, 0, NULL, NULL, 100),
(37, 13, 0, 1, 0, NULL, NULL, 100),
(37, 2, 4, 5, 3, NULL, NULL, 13),
(37, 4, 1, 1, 0, 1410, 320, 100),
(37, 7, 5, 70, 1, NULL, NULL, 64),
(37, 10, 4, 12, 2, NULL, NULL, 100),
(37, 6, 3, 2, 0, NULL, NULL, 91),
(37, 5, 5, 29, 6, NULL, NULL, 100),
(37, 9, 2, 4, 0, NULL, NULL, 100),
(37, 11, 1, 9, 1, NULL, NULL, 100),
(37, 12, 4, 41, 1, NULL, NULL, 77),
(37, 1, 1, 8, 0, NULL, NULL, 88),
(37, 3, 0, 6, 0, NULL, NULL, 100),
(37, 8, 0, 9, 0, NULL, NULL, 100),
(38, 3, 0, 5, 0, NULL, NULL, 100),
(38, 10, 0, 12, 1, NULL, NULL, 100),
(38, 11, 5, 8, 2, NULL, NULL, 100),
(38, 9, 4, 4, 1, NULL, NULL, 100),
(38, 13, 0, 0, 0, NULL, NULL, 100),
(38, 5, 8, 28, 3, NULL, NULL, 100),
(38, 8, 2, 8, 1, NULL, NULL, 100),
(38, 12, 4, 40, 1, NULL, NULL, 77),
(38, 4, 1, 1, 0, 1346, 312, 100),
(38, 7, 7, 67, 4, NULL, NULL, 64),
(38, 6, 0, 2, 0, NULL, NULL, 91),
(38, 2, 2, 6, 0, NULL, NULL, 13),
(38, 1, 10, 5, 1, NULL, NULL, 88),
(39, 6, 0, 2, 0, NULL, NULL, 91),
(39, 10, 2, 11, 0, NULL, NULL, 100),
(39, 2, 0, 6, 0, NULL, NULL, 13),
(39, 1, 0, 5, 0, NULL, NULL, 88),
(39, 9, 0, 4, 0, NULL, NULL, 100),
(39, 8, 1, 8, 0, NULL, NULL, 100),
(39, 12, 5, 36, 0, NULL, NULL, 77),
(39, 7, 9, 60, 1, NULL, NULL, 64),
(39, 4, 0, 1, 0, 999, 207, 100),
(39, 5, 0, 27, 3, NULL, NULL, 100),
(39, 11, 3, 7, 1, NULL, NULL, 100),
(39, 13, 0, 0, 0, NULL, NULL, 100),
(39, 3, 0, 5, 0, NULL, NULL, 100),
(40, 11, 1, 5, 1, NULL, NULL, 100),
(40, 6, 0, 2, 0, NULL, NULL, 91),
(40, 12, 2, 36, 0, NULL, NULL, 77),
(40, 2, 8, 6, 0, NULL, NULL, 13),
(40, 4, 0, 1, 0, 481, 152, 100),
(40, 9, 0, 4, 0, NULL, NULL, 100),
(40, 10, 0, 11, 0, NULL, NULL, 100),
(40, 7, 1, 58, 0, NULL, NULL, 64),
(40, 3, 0, 5, 0, NULL, NULL, 100),
(40, 8, 0, 8, 0, NULL, NULL, 100),
(40, 5, 3, 27, 0, NULL, NULL, 100),
(40, 1, 0, 5, 0, NULL, NULL, 88),
(40, 13, 0, 0, 0, NULL, NULL, 100),
(41, 10, 1, 10, 1, NULL, NULL, 100),
(41, 9, 0, 4, 0, NULL, NULL, 100),
(41, 11, 3, 6, 0, NULL, NULL, 100),
(41, 5, 12, 26, 6, NULL, NULL, 100),
(41, 7, 5, 59, 0, NULL, NULL, 64),
(41, 4, 0, 1, 0, 964, 300, 100),
(41, 1, 1, 3, 1, NULL, NULL, 88),
(41, 6, 0, 2, 0, NULL, NULL, 91),
(41, 2, 4, 5, 1, NULL, NULL, 13),
(41, 13, 0, 0, 0, NULL, NULL, 100),
(41, 8, 4, 8, 1, NULL, NULL, 100),
(41, 3, 4, 6, 1, NULL, NULL, 100),
(41, 12, 5, 35, 1, NULL, NULL, 77),
(42, 13, 0, 0, 0, NULL, NULL, 100),
(42, 8, 3, 9, 0, NULL, NULL, 100),
(42, 2, 0, 5, 1, NULL, NULL, 13),
(42, 3, 0, 6, 0, NULL, NULL, 100),
(42, 6, 0, 2, 0, NULL, NULL, 91),
(42, 12, 7, 36, 2, NULL, NULL, 77),
(42, 11, 8, 7, 1, NULL, NULL, 100),
(42, 7, 5, 52, 2, NULL, NULL, 64),
(42, 5, 4, 27, 1, NULL, NULL, 100),
(42, 9, 3, 4, 1, NULL, NULL, 100),
(42, 10, 3, 8, 1, NULL, NULL, 100),
(42, 1, 3, 2, 1, NULL, NULL, 88),
(42, 4, 0, 1, 0, 1321, 328, 100),
(43, 7, 7, 45, 1, NULL, NULL, 64),
(43, 1, 0, 2, 0, NULL, NULL, 88),
(43, 3, 0, 6, 0, NULL, NULL, 100),
(43, 2, 0, 4, 0, NULL, NULL, 13),
(43, 6, 0, 2, 1, NULL, NULL, 91),
(43, 11, 0, 7, 0, NULL, NULL, 100),
(43, 9, 1, 4, 0, NULL, NULL, 100),
(43, 10, 3, 8, 1, NULL, NULL, 100),
(43, 12, 2, 32, 2, NULL, NULL, 77),
(43, 4, 0, 1, 0, 1070, 251, 100),
(43, 5, 8, 27, 1, NULL, NULL, 100),
(43, 13, 0, 0, 1, NULL, NULL, 100),
(43, 8, 1, 9, 0, NULL, NULL, 100),
(44, 12, 8, 33, 1, NULL, NULL, 77),
(44, 8, 6, 9, 0, NULL, NULL, 100),
(44, 11, 7, 3, 2, NULL, NULL, 100),
(44, 4, 0, 1, 0, 1048, 207, 100),
(44, 6, 1, 2, 1, NULL, NULL, 91),
(44, 3, 0, 6, 0, NULL, NULL, 100),
(44, 2, 0, 4, 0, NULL, NULL, 13),
(44, 5, 7, 28, 4, NULL, NULL, 100),
(44, 9, 1, 5, 0, NULL, NULL, 100),
(44, 13, 0, 0, 0, NULL, NULL, 100),
(44, 10, 0, 8, 2, NULL, NULL, 100),
(44, 7, 2, 42, 2, NULL, NULL, 64),
(44, 1, 1, 1, 0, NULL, NULL, 88),
(45, 12, 1, 33, 0, NULL, NULL, 77),
(45, 11, 5, 3, 0, NULL, NULL, 100),
(45, 2, 0, 4, 0, NULL, NULL, 13),
(45, 1, 3, 1, 0, NULL, NULL, 88),
(45, 10, 1, 8, 0, NULL, NULL, 100),
(45, 9, 0, 5, 0, NULL, NULL, 100),
(45, 4, 0, 1, 0, 668, 138, 100),
(45, 5, 0, 28, 0, NULL, NULL, 100),
(45, 7, 7, 41, 0, NULL, NULL, 64),
(45, 6, 0, 2, 0, NULL, NULL, 91),
(45, 13, 3, 0, 0, NULL, NULL, 100),
(45, 3, 0, 6, 0, NULL, NULL, 100),
(45, 8, 0, 10, 0, NULL, NULL, 100),
(46, 1, 8, 1, 9, NULL, NULL, 88),
(46, 11, 1, 3, 0, NULL, NULL, 100),
(46, 2, 0, 4, 0, NULL, NULL, 13),
(46, 5, 1, 26, 0, NULL, NULL, 100),
(46, 6, 0, 2, 0, NULL, NULL, 91),
(46, 13, 0, 0, 0, NULL, NULL, 100),
(46, 3, 0, 6, 0, NULL, NULL, 100),
(46, 12, 1, 30, 3, NULL, NULL, 77),
(46, 4, 0, 1, 0, 453, 120, 100),
(46, 10, 0, 8, 0, NULL, NULL, 100),
(46, 8, 1, 10, 1, NULL, NULL, 100),
(46, 9, 1, 5, 0, NULL, NULL, 100),
(46, 7, 4, 41, 2, NULL, NULL, 64),
(47, 6, 0, 2, 0, NULL, NULL, 91),
(47, 8, 0, 10, 0, NULL, NULL, 100),
(47, 12, 0, 29, 0, NULL, NULL, 77),
(47, 2, 1, 4, 0, NULL, NULL, 13),
(47, 10, 1, 8, 0, NULL, NULL, 100),
(47, 11, 5, 3, 0, NULL, NULL, 100),
(47, 1, 0, 1, 0, NULL, NULL, 88),
(47, 3, 0, 6, 0, NULL, NULL, 100),
(47, 7, 3, 40, 0, NULL, NULL, 64),
(47, 5, 0, 26, 0, NULL, NULL, 100),
(47, 4, 0, 1, 0, 345, 101, 100),
(47, 13, 1, 0, 0, NULL, NULL, 100),
(47, 9, 0, 5, 1, NULL, NULL, 100),
(48, 12, 4, 26, 0, NULL, NULL, 77),
(48, 3, 0, 6, 0, NULL, NULL, 100),
(48, 6, 0, 2, 0, NULL, NULL, 91),
(48, 11, 2, 3, 1, NULL, NULL, 100),
(48, 9, 2, 5, 1, NULL, NULL, 100),
(48, 7, 4, 40, 1, NULL, NULL, 64),
(48, 8, 0, 10, 0, NULL, NULL, 100),
(48, 1, 0, 1, 0, NULL, NULL, 88),
(48, 4, 0, 1, 0, 689, 245, 100),
(48, 2, 8, 3, 2, NULL, NULL, 13),
(48, 5, 2, 21, 9, NULL, NULL, 100),
(48, 10, 1, 8, 0, NULL, NULL, 100),
(48, 13, 0, 0, 0, NULL, NULL, 100),
(49, 11, 1, 4, 1, NULL, NULL, 100),
(49, 4, 0, 1, 0, 987, 244, 100),
(49, 9, 0, 3, 0, NULL, NULL, 100),
(49, 10, 1, 5, 1, NULL, NULL, 100),
(49, 3, 1, 6, 0, NULL, NULL, 100),
(49, 1, 0, 1, 0, NULL, NULL, 88),
(49, 2, 10, 3, 0, NULL, NULL, 13),
(49, 5, 18, 22, 2, NULL, NULL, 100),
(49, 12, 5, 24, 6, NULL, NULL, 77),
(49, 6, 0, 2, 0, NULL, NULL, 91),
(49, 7, 7, 38, 1, NULL, NULL, 64),
(49, 8, 0, 9, 1, NULL, NULL, 100),
(49, 13, 0, 0, 0, NULL, NULL, 100),
(50, 13, 0, 0, 0, NULL, NULL, 100),
(50, 5, 2, 22, 0, NULL, NULL, 100),
(50, 12, 4, 22, 1, NULL, NULL, 77),
(50, 11, 0, 3, 0, NULL, NULL, 100),
(50, 7, 2, 38, 0, NULL, NULL, 64),
(50, 9, 1, 3, 2, NULL, NULL, 100),
(50, 3, 0, 6, 0, NULL, NULL, 100),
(50, 4, 0, 1, 0, 833, 181, 100),
(50, 1, 2, 1, 1, NULL, NULL, 88),
(50, 10, 0, 4, 0, NULL, NULL, 100),
(50, 2, 1, 2, 1, NULL, NULL, 13),
(50, 8, 1, 9, 0, NULL, NULL, 100),
(50, 6, 2, 1, 0, NULL, NULL, 91),
(51, 2, 0, 2, 1, NULL, NULL, 13),
(51, 3, 0, 6, 0, NULL, NULL, 100),
(51, 7, 7, 35, 2, NULL, NULL, 64),
(51, 8, 0, 9, 0, NULL, NULL, 100),
(51, 9, 1, 4, 0, NULL, NULL, 100),
(51, 1, 1, 1, 0, NULL, NULL, 88),
(51, 10, 0, 0, 0, NULL, NULL, 100),
(51, 11, 2, 3, 1, NULL, NULL, 100),
(51, 13, 0, 0, 0, NULL, NULL, 100),
(51, 6, 0, 1, 0, NULL, NULL, 91),
(51, 4, 0, 1, 0, 728, 159, 100),
(51, 12, 2, 21, 0, NULL, NULL, 77),
(51, 5, 6, 20, 4, NULL, NULL, 100),
(52, 11, 1, 3, 0, NULL, NULL, 100),
(52, 6, 0, 1, 0, NULL, NULL, 91),
(52, 7, 12, 37, 0, NULL, NULL, 64),
(52, 8, 0, 9, 0, NULL, NULL, 100),
(52, 3, 0, 7, 0, NULL, NULL, 100),
(52, 4, 0, 2, 0, 510, 118, 100),
(52, 1, 1, 0, 0, NULL, NULL, 88),
(52, 10, 0, 0, 0, NULL, NULL, 100),
(52, 12, 3, 21, 0, NULL, NULL, 77),
(52, 5, 0, 20, 1, NULL, NULL, 100),
(52, 13, 0, 0, 0, NULL, NULL, 100),
(52, 9, 0, 4, 0, NULL, NULL, 100),
(52, 2, 1, 3, 1, NULL, NULL, 13),
(53, 4, 0, 2, 0, 265, 77, 100),
(53, 10, 0, 0, 0, NULL, NULL, 100),
(53, 1, 0, 0, 0, NULL, NULL, 88),
(53, 2, 0, 3, 0, NULL, NULL, 13),
(53, 8, 3, 8, 0, NULL, NULL, 100),
(53, 3, 0, 7, 0, NULL, NULL, 100),
(53, 5, 0, 20, 0, NULL, NULL, 100),
(53, 6, 0, 1, 0, NULL, NULL, 91),
(53, 11, 0, 4, 1, NULL, NULL, 100),
(53, 9, 0, 4, 0, NULL, NULL, 100),
(53, 7, 1, 39, 1, NULL, NULL, 64),
(53, 13, 0, 0, 0, NULL, NULL, 100),
(53, 12, 2, 20, 0, NULL, NULL, 77),
(54, 3, 0, 7, 0, NULL, NULL, 100),
(54, 12, 1, 19, 0, NULL, NULL, 77),
(54, 1, 0, 0, 0, NULL, NULL, 88),
(54, 2, 1, 3, 0, NULL, NULL, 13),
(54, 13, 0, 0, 0, NULL, NULL, 100),
(54, 11, 0, 4, 0, NULL, NULL, 100),
(54, 7, 8, 40, 0, NULL, NULL, 64),
(54, 6, 0, 1, 0, NULL, NULL, 91),
(54, 4, 0, 2, 0, 253, 70, 100),
(54, 9, 0, 4, 1, NULL, NULL, 100),
(54, 8, 1, 8, 0, NULL, NULL, 100),
(54, 10, 0, 0, 0, NULL, NULL, 100),
(54, 5, 0, 20, 0, NULL, NULL, 100),
(55, 10, 0, 0, 0, NULL, NULL, 100),
(55, 12, 6, 19, 1, NULL, NULL, 77),
(55, 8, 0, 7, 0, NULL, NULL, 100),
(55, 9, 0, 4, 0, NULL, NULL, 100),
(55, 13, 0, 0, 0, NULL, NULL, 100),
(55, 4, 0, 2, 0, 523, 184, 100),
(55, 5, 2, 20, 0, NULL, NULL, 100),
(55, 6, 0, 1, 0, NULL, NULL, 91),
(55, 11, 0, 3, 0, NULL, NULL, 100),
(55, 1, 1, 0, 0, NULL, NULL, 88),
(55, 7, 1, 40, 0, NULL, NULL, 64),
(55, 2, 2, 2, 0, NULL, NULL, 13),
(55, 3, 0, 7, 0, NULL, NULL, 100),
(56, 10, 0, 0, 0, NULL, NULL, 100),
(56, 12, 0, 18, 0, NULL, NULL, 77),
(56, 9, 0, 4, 0, NULL, NULL, 100),
(56, 6, 0, 1, 0, NULL, NULL, 91),
(56, 13, 0, 0, 0, NULL, NULL, 100),
(56, 2, 1, 2, 0, NULL, NULL, 13),
(56, 8, 5, 6, 1, NULL, NULL, 100),
(56, 5, 12, 15, 4, NULL, NULL, 100),
(56, 7, 0, 37, 0, NULL, NULL, 64),
(56, 4, 0, 2, 0, 670, 194, 100),
(56, 11, 0, 2, 0, NULL, NULL, 100),
(56, 3, 0, 7, 0, NULL, NULL, 100),
(56, 1, 0, 0, 0, NULL, NULL, 88),
(57, 12, 8, 19, 0, NULL, NULL, 77),
(57, 2, 0, 2, 0, NULL, NULL, 13),
(57, 1, 2, 0, 0, NULL, NULL, 88),
(57, 13, 2, 0, 0, NULL, NULL, 100),
(57, 5, 1, 15, 0, NULL, NULL, 100),
(57, 4, 0, 2, 0, 543, 105, 100),
(57, 7, 6, 38, 1, NULL, NULL, 64),
(57, 10, 1, 1, 0, NULL, NULL, 100),
(57, 3, 1, 6, 0, NULL, NULL, 100),
(57, 9, 0, 4, 0, NULL, NULL, 100),
(57, 8, 1, 6, 0, NULL, NULL, 100),
(57, 6, 1, 1, 0, NULL, NULL, 91),
(57, 11, 9, 3, 0, NULL, NULL, 100),
(58, 6, 0, 1, 1, NULL, NULL, 91),
(58, 5, 5, 14, 1, NULL, NULL, 100),
(58, 7, 3, 34, 2, NULL, NULL, 64),
(58, 1, 0, 0, 0, NULL, NULL, 88),
(58, 12, 1, 18, 1, NULL, NULL, 77),
(58, 9, 0, 4, 0, NULL, NULL, 100),
(58, 4, 0, 2, 0, 542, 126, 100),
(58, 13, 0, 0, 0, NULL, NULL, 100),
(58, 10, 0, 1, 0, NULL, NULL, 100),
(58, 8, 0, 4, 0, NULL, NULL, 100),
(58, 11, 0, 2, 0, NULL, NULL, 100),
(58, 2, 0, 2, 0, NULL, NULL, 13),
(58, 3, 0, 6, 0, NULL, NULL, 100),
(59, 1, 0, 0, 0, NULL, NULL, 88),
(59, 12, 3, 16, 0, NULL, NULL, 77),
(59, 5, 0, 14, 0, NULL, NULL, 100),
(59, 4, 0, 2, 0, 438, 120, 100),
(59, 9, 0, 4, 0, NULL, NULL, 100),
(59, 2, 1, 2, 1, NULL, NULL, 13),
(59, 8, 0, 4, 0, NULL, NULL, 100),
(59, 10, 0, 1, 0, NULL, NULL, 100),
(59, 6, 0, 1, 0, NULL, NULL, 91),
(59, 7, 1, 31, 1, NULL, NULL, 64),
(59, 3, 0, 6, 0, NULL, NULL, 100),
(59, 11, 0, 2, 0, NULL, NULL, 100),
(59, 13, 0, 0, 0, NULL, NULL, 100),
(60, 7, 2, 30, 0, NULL, NULL, 64),
(60, 13, 0, 0, 0, NULL, NULL, 100),
(60, 9, 1, 3, 0, NULL, NULL, 100),
(60, 1, 0, 0, 0, NULL, NULL, 88),
(60, 11, 7, 3, 0, NULL, NULL, 100),
(60, 12, 0, 16, 0, NULL, NULL, 77),
(60, 10, 0, 1, 0, NULL, NULL, 100),
(60, 3, 0, 5, 1, NULL, NULL, 100),
(60, 2, 2, 2, 0, NULL, NULL, 13),
(60, 6, 0, 0, 0, NULL, NULL, 91),
(60, 8, 0, 3, 0, NULL, NULL, 100),
(60, 5, 1, 15, 1, NULL, NULL, 100),
(60, 4, 0, 2, 0, 350, 78, 100),
(61, 13, 0, 0, 0, NULL, NULL, 100),
(61, 4, 0, 2, 0, 152, 54, 100),
(61, 5, 0, 15, 0, NULL, NULL, 100),
(61, 1, 0, 0, 0, NULL, NULL, 88),
(61, 9, 0, 3, 0, NULL, NULL, 100),
(61, 8, 0, 3, 0, NULL, NULL, 100),
(61, 11, 3, 3, 0, NULL, NULL, 100),
(61, 2, 0, 2, 0, NULL, NULL, 13),
(61, 6, 0, 0, 0, NULL, NULL, 91),
(61, 12, 0, 16, 0, NULL, NULL, 77),
(61, 3, 0, 5, 0, NULL, NULL, 100),
(61, 7, 7, 30, 1, NULL, NULL, 64),
(61, 10, 0, 1, 0, NULL, NULL, 100),
(62, 1, 2, 1, 0, NULL, NULL, 88),
(62, 12, 4, 17, 1, NULL, NULL, 77),
(62, 7, 1, 30, 0, NULL, NULL, 64),
(62, 9, 0, 3, 0, NULL, NULL, 100),
(62, 10, 0, 0, 0, NULL, NULL, 100),
(62, 6, 0, 0, 0, NULL, NULL, 91),
(62, 8, 0, 3, 0, NULL, NULL, 100),
(62, 11, 3, 3, 0, NULL, NULL, 100),
(62, 3, 0, 4, 0, NULL, NULL, 100),
(62, 13, 0, 0, 0, NULL, NULL, 100),
(62, 5, 5, 16, 1, NULL, NULL, 100),
(62, 2, 0, 2, 0, NULL, NULL, 13),
(62, 4, 0, 2, 0, 375, 123, 100),
(63, 9, 0, 3, 0, NULL, NULL, 100),
(63, 8, 0, 3, 0, NULL, NULL, 100),
(63, 7, 5, 29, 0, NULL, NULL, 64),
(63, 6, 0, 0, 0, NULL, NULL, 91),
(63, 1, 0, 1, 0, NULL, NULL, 88),
(63, 3, 0, 4, 0, NULL, NULL, 100),
(63, 5, 0, 14, 1, NULL, NULL, 100),
(63, 12, 0, 15, 0, NULL, NULL, 77),
(63, 13, 0, 0, 0, NULL, NULL, 100),
(63, 2, 0, 2, 0, NULL, NULL, 13),
(63, 11, 2, 3, 0, NULL, NULL, 100),
(63, 4, 0, 2, 0, 506, 140, 100),
(63, 10, 0, 0, 0, NULL, NULL, 100),
(64, 7, 0, 26, 2, NULL, NULL, 64),
(64, 4, 2, 2, 0, 432, 102, 100),
(64, 11, 2, 3, 0, NULL, NULL, 100),
(64, 6, 0, 0, 0, NULL, NULL, 91),
(64, 9, 0, 3, 0, NULL, NULL, 100),
(64, 5, 9, 9, 3, NULL, NULL, 100),
(64, 8, 0, 3, 0, NULL, NULL, 100),
(64, 1, 0, 1, 0, NULL, NULL, 88),
(64, 3, 0, 4, 0, NULL, NULL, 100),
(64, 2, 0, 2, 0, NULL, NULL, 13),
(64, 12, 5, 14, 1, NULL, NULL, 77),
(64, 13, 1, 0, 0, NULL, NULL, 100),
(64, 10, 0, 0, 0, NULL, NULL, 100),
(65, 3, 1, 4, 0, NULL, NULL, 100),
(65, 5, 2, 9, 0, NULL, NULL, 100),
(65, 12, 0, 13, 0, NULL, NULL, 77),
(65, 6, 0, 0, 0, NULL, NULL, 91),
(65, 13, 0, 0, 0, NULL, NULL, 100),
(65, 9, 0, 3, 0, NULL, NULL, 100),
(65, 7, 2, 26, 0, NULL, NULL, 64),
(65, 2, 1, 2, 0, NULL, NULL, 13),
(65, 10, 0, 0, 0, NULL, NULL, 100),
(65, 4, 1, 2, 0, 271, 58, 100),
(65, 11, 2, 3, 0, NULL, NULL, 100),
(65, 8, 0, 2, 0, NULL, NULL, 100),
(65, 1, 0, 1, 1, NULL, NULL, 88),
(66, 13, 0, 0, 0, NULL, NULL, 100),
(66, 1, 0, 1, 1, NULL, NULL, 88),
(66, 4, 0, 1, 1, 263, 75, 100),
(66, 8, 0, 2, 0, NULL, NULL, 100),
(66, 9, 0, 3, 0, NULL, NULL, 100),
(66, 3, 0, 4, 0, NULL, NULL, 100),
(66, 2, 0, 2, 0, NULL, NULL, 13),
(66, 11, 7, 5, 0, NULL, NULL, 100),
(66, 12, 10, 11, 1, NULL, NULL, 77),
(66, 10, 0, 0, 0, NULL, NULL, 100),
(66, 5, 0, 9, 0, NULL, NULL, 100),
(66, 7, 0, 24, 0, NULL, NULL, 64),
(66, 6, 1, 0, 0, NULL, NULL, 91),
(67, 2, 0, 2, 0, NULL, NULL, 13),
(67, 12, 0, 11, 0, NULL, NULL, 77),
(67, 1, 0, 1, 0, NULL, NULL, 88),
(67, 4, 0, 1, 0, 233, 47, 100),
(67, 3, 0, 3, 0, NULL, NULL, 100),
(67, 13, 0, 0, 0, NULL, NULL, 100),
(67, 5, 0, 9, 0, NULL, NULL, 100),
(67, 11, 0, 5, 0, NULL, NULL, 100),
(67, 7, 0, 23, 1, NULL, NULL, 64),
(67, 9, 0, 3, 0, NULL, NULL, 100),
(67, 6, 0, 0, 0, NULL, NULL, 91),
(67, 10, 1, 0, 0, NULL, NULL, 100),
(67, 8, 1, 2, 0, NULL, NULL, 100),
(68, 5, 0, 9, 0, NULL, NULL, 100),
(68, 6, 0, 0, 0, NULL, NULL, 91),
(68, 10, 0, 0, 0, NULL, NULL, 100),
(68, 2, 0, 2, 0, NULL, NULL, 13),
(68, 7, 0, 22, 1, NULL, NULL, 64),
(68, 12, 1, 11, 0, NULL, NULL, 77),
(68, 4, 0, 1, 0, 121, 36, 100),
(68, 3, 1, 4, 0, NULL, NULL, 100),
(68, 1, 2, 1, 0, NULL, NULL, 88),
(68, 8, 0, 2, 0, NULL, NULL, 100),
(68, 13, 0, 0, 0, NULL, NULL, 100),
(68, 9, 0, 3, 0, NULL, NULL, 100),
(68, 11, 0, 5, 0, NULL, NULL, 100),
(69, 1, 0, 1, 0, NULL, NULL, 88),
(69, 6, 0, 0, 0, NULL, NULL, 91),
(69, 2, 1, 2, 0, NULL, NULL, 13),
(69, 11, 1, 4, 0, NULL, NULL, 100),
(69, 10, 0, 0, 0, NULL, NULL, 100),
(69, 3, 0, 4, 0, NULL, NULL, 100),
(69, 13, 1, 0, 0, NULL, NULL, 100),
(69, 8, 0, 2, 0, NULL, NULL, 100),
(69, 9, 0, 3, 0, NULL, NULL, 100),
(69, 4, 0, 1, 0, 342, 93, 100),
(69, 7, 4, 22, 0, NULL, NULL, 64),
(69, 12, 5, 11, 0, NULL, NULL, 77),
(69, 5, 0, 6, 3, NULL, NULL, 100),
(70, 9, 0, 3, 0, NULL, NULL, 100),
(70, 5, 12, 8, 1, NULL, NULL, 100),
(70, 4, 0, 1, 0, 318, 92, 100),
(70, 3, 0, 4, 0, NULL, NULL, 100),
(70, 6, 0, 0, 0, NULL, NULL, 91),
(70, 13, 0, 0, 0, NULL, NULL, 100),
(70, 7, 2, 18, 0, NULL, NULL, 64),
(70, 11, 0, 4, 0, NULL, NULL, 100),
(70, 2, 1, 2, 0, NULL, NULL, 13),
(70, 12, 1, 12, 1, NULL, NULL, 77),
(70, 8, 0, 2, 0, NULL, NULL, 100),
(70, 10, 0, 0, 0, NULL, NULL, 100),
(70, 1, 0, 1, 0, NULL, NULL, 88),
(71, 6, 0, 0, 0, NULL, NULL, 91),
(71, 12, 5, 12, 0, NULL, NULL, 77),
(71, 5, 0, 8, 0, NULL, NULL, 100),
(71, 1, 0, 1, 0, NULL, NULL, 88),
(71, 10, 0, 0, 0, NULL, NULL, 100),
(71, 3, 1, 4, 0, NULL, NULL, 100),
(71, 9, 0, 3, 0, NULL, NULL, 100),
(71, 11, 0, 4, 0, NULL, NULL, 100),
(71, 8, 0, 2, 0, NULL, NULL, 100),
(71, 2, 1, 2, 0, NULL, NULL, 13),
(71, 13, 0, 0, 0, NULL, NULL, 100),
(71, 4, 0, 1, 0, 271, 67, 100),
(71, 7, 4, 18, 0, NULL, NULL, 64),
(72, 12, 1, 11, 0, NULL, NULL, 77),
(72, 3, 0, 3, 0, NULL, NULL, 100),
(72, 10, 0, 0, 0, NULL, NULL, 100),
(72, 13, 0, 0, 0, NULL, NULL, 100),
(72, 6, 0, 0, 1, NULL, NULL, 91),
(72, 7, 0, 15, 2, NULL, NULL, 64),
(72, 11, 2, 3, 0, NULL, NULL, 100),
(72, 5, 1, 10, 0, NULL, NULL, 100),
(72, 8, 0, 2, 0, NULL, NULL, 100),
(72, 1, 2, 1, 0, NULL, NULL, 88),
(72, 2, 0, 1, 0, NULL, NULL, 13),
(72, 9, 0, 3, 0, NULL, NULL, 100),
(72, 4, 0, 1, 0, 253, 69, 100),
(73, 6, 0, 0, 0, NULL, NULL, 91),
(73, 9, 0, 2, 1, NULL, NULL, 100),
(73, 13, 0, 0, 0, NULL, NULL, 100),
(73, 7, 2, 13, 0, NULL, NULL, 64),
(73, 10, 0, 0, 0, NULL, NULL, 100),
(73, 12, 2, 11, 0, NULL, NULL, 77),
(73, 1, 0, 1, 0, NULL, NULL, 88),
(73, 8, 0, 2, 0, NULL, NULL, 100),
(73, 3, 0, 3, 0, NULL, NULL, 100),
(73, 5, 0, 10, 0, NULL, NULL, 100),
(73, 4, 0, 1, 0, 255, 63, 100),
(73, 2, 0, 1, 0, NULL, NULL, 13),
(73, 11, 1, 3, 0, NULL, NULL, 100),
(74, 2, 0, 1, 0, NULL, NULL, 13),
(74, 1, 0, 1, 0, NULL, NULL, 88),
(74, 5, 0, 10, 0, NULL, NULL, 100),
(74, 9, 0, 2, 0, NULL, NULL, 100),
(74, 7, 1, 13, 0, NULL, NULL, 64),
(74, 12, 9, 10, 0, NULL, NULL, 77),
(74, 11, 1, 3, 0, NULL, NULL, 100),
(74, 4, 0, 1, 0, 227, 57, 100),
(74, 3, 0, 2, 0, NULL, NULL, 100),
(74, 13, 0, 0, 0, NULL, NULL, 100),
(74, 6, 0, 0, 0, NULL, NULL, 91),
(74, 8, 0, 2, 0, NULL, NULL, 100),
(74, 10, 0, 0, 0, NULL, NULL, 100),
(75, 12, 0, 10, 0, NULL, NULL, 77),
(75, 9, 0, 2, 0, NULL, NULL, 100),
(75, 4, 0, 1, 0, 72, 35, 100),
(75, 1, 1, 1, 0, NULL, NULL, 88),
(75, 8, 0, 2, 0, NULL, NULL, 100),
(75, 13, 0, 0, 0, NULL, NULL, 100),
(75, 5, 0, 10, 0, NULL, NULL, 100),
(75, 7, 0, 13, 2, NULL, NULL, 64),
(75, 10, 0, 0, 0, NULL, NULL, 100),
(75, 3, 0, 2, 0, NULL, NULL, 100),
(75, 11, 2, 2, 1, NULL, NULL, 100),
(75, 6, 0, 0, 0, NULL, NULL, 91),
(75, 2, 0, 1, 0, NULL, NULL, 13),
(76, 10, 0, 0, 0, NULL, NULL, 100),
(76, 8, 0, 2, 0, NULL, NULL, 100),
(76, 5, 0, 10, 0, NULL, NULL, 100),
(76, 1, 1, 1, 0, NULL, NULL, 88),
(76, 12, 0, 10, 0, NULL, NULL, 77),
(76, 2, 0, 1, 0, NULL, NULL, 13),
(76, 13, 0, 0, 0, NULL, NULL, 100),
(76, 6, 0, 0, 0, NULL, NULL, 91),
(76, 11, 0, 2, 1, NULL, NULL, 100),
(76, 9, 0, 2, 0, NULL, NULL, 100),
(76, 4, 0, 1, 0, 89, 31, 100),
(76, 7, 1, 12, 0, NULL, NULL, 64),
(76, 3, 0, 2, 0, NULL, NULL, 100),
(77, 5, 6, 6, 0, NULL, NULL, 100),
(77, 6, 0, 0, 0, NULL, NULL, 91),
(77, 4, 0, 1, 0, 229, 85, 100),
(77, 2, 0, 1, 0, NULL, NULL, 13),
(77, 13, 0, 0, 0, NULL, NULL, 100),
(77, 10, 0, 1, 0, NULL, NULL, 100),
(77, 9, 0, 2, 0, NULL, NULL, 100),
(77, 1, 0, 1, 0, NULL, NULL, 88),
(77, 12, 1, 10, 0, NULL, NULL, 77),
(77, 8, 0, 2, 0, NULL, NULL, 100),
(77, 7, 1, 11, 0, NULL, NULL, 64),
(77, 3, 0, 2, 0, NULL, NULL, 100),
(77, 11, 2, 1, 1, NULL, NULL, 100),
(78, 7, 0, 11, 1, NULL, NULL, 64),
(78, 9, 0, 2, 0, NULL, NULL, 100),
(78, 13, 0, 0, 0, NULL, NULL, 100),
(78, 10, 0, 1, 0, NULL, NULL, 100),
(78, 8, 0, 2, 0, NULL, NULL, 100),
(78, 1, 0, 1, 0, NULL, NULL, 88),
(78, 3, 0, 2, 0, NULL, NULL, 100),
(78, 5, 1, 5, 1, NULL, NULL, 100),
(78, 6, 0, 0, 0, NULL, NULL, 91),
(78, 11, 0, 1, 0, NULL, NULL, 100),
(78, 4, 0, 1, 0, 250, 85, 100),
(78, 12, 1, 10, 0, NULL, NULL, 77),
(78, 2, 0, 1, 0, NULL, NULL, 13),
(79, 10, 0, 1, 0, NULL, NULL, 100),
(79, 6, 0, 0, 0, NULL, NULL, 91),
(79, 4, 0, 1, 0, 195, 46, 100),
(79, 9, 0, 2, 0, NULL, NULL, 100),
(79, 8, 0, 1, 0, NULL, NULL, 100),
(79, 3, 0, 2, 0, NULL, NULL, 100),
(79, 1, 2, 2, 0, NULL, NULL, 88),
(79, 13, 0, 0, 0, NULL, NULL, 100),
(79, 11, 0, 1, 0, NULL, NULL, 100),
(79, 12, 0, 10, 0, NULL, NULL, 77),
(79, 7, 0, 9, 0, NULL, NULL, 64),
(79, 5, 1, 5, 0, NULL, NULL, 100),
(79, 2, 0, 1, 0, NULL, NULL, 13),
(80, 6, 0, 0, 0, NULL, NULL, 91),
(80, 13, 0, 0, 0, NULL, NULL, 100),
(80, 5, 0, 5, 0, NULL, NULL, 100),
(80, 3, 0, 1, 1, NULL, NULL, 100),
(80, 10, 0, 1, 0, NULL, NULL, 100),
(80, 8, 0, 1, 0, NULL, NULL, 100),
(80, 4, 0, 1, 0, 213, 47, 100),
(80, 11, 1, 1, 0, NULL, NULL, 100),
(80, 2, 0, 1, 0, NULL, NULL, 13),
(80, 7, 0, 4, 0, NULL, NULL, 64),
(80, 9, 0, 2, 0, NULL, NULL, 100),
(80, 12, 1, 3, 1, NULL, NULL, 77),
(80, 1, 0, 1, 0, NULL, NULL, 88),
(81, 11, 0, 1, 0, NULL, NULL, 100),
(81, 2, 0, 1, 0, NULL, NULL, 13),
(81, 3, 0, 1, 0, NULL, NULL, 100),
(81, 8, 0, 1, 0, NULL, NULL, 100),
(81, 9, 0, 2, 0, NULL, NULL, 100),
(81, 5, 2, 5, 1, NULL, NULL, 100),
(81, 10, 0, 1, 0, NULL, NULL, 100),
(81, 1, 0, 0, 0, NULL, NULL, 88),
(81, 4, 0, 1, 0, 143, 35, 100),
(81, 6, 0, 0, 0, NULL, NULL, 91),
(81, 13, 0, 0, 0, NULL, NULL, 100),
(81, 7, 2, 4, 0, NULL, NULL, 64),
(81, 12, 0, 3, 0, NULL, NULL, 77),
(82, 3, 0, 1, 0, NULL, NULL, 100),
(82, 11, 0, 1, 0, NULL, NULL, 100),
(82, 2, 0, 1, 0, NULL, NULL, 13),
(82, 12, 0, 3, 0, NULL, NULL, 77),
(82, 10, 0, 1, 0, NULL, NULL, 100),
(82, 9, 0, 2, 0, NULL, NULL, 100),
(82, 5, 0, 5, 0, NULL, NULL, 100),
(82, 8, 0, 1, 0, NULL, NULL, 100),
(82, 4, 0, 1, 0, 37, 13, 100),
(82, 7, 0, 4, 0, NULL, NULL, 64),
(82, 6, 0, 0, 0, NULL, NULL, 91),
(82, 1, 0, 0, 0, NULL, NULL, 88),
(82, 13, 0, 0, 0, NULL, NULL, 100),
(83, 5, 0, 5, 0, NULL, NULL, 100),
(83, 3, 0, 1, 0, NULL, NULL, 100),
(83, 9, 0, 2, 0, NULL, NULL, 100),
(83, 10, 0, 1, 0, NULL, NULL, 100),
(83, 7, 0, 4, 0, NULL, NULL, 64),
(83, 1, 0, 0, 0, NULL, NULL, 88),
(83, 2, 0, 1, 0, NULL, NULL, 13),
(83, 6, 0, 0, 0, NULL, NULL, 91),
(83, 8, 0, 1, 0, NULL, NULL, 100),
(83, 4, 0, 1, 0, 145, 55, 100),
(83, 11, 0, 1, 0, NULL, NULL, 100),
(83, 13, 0, 0, 0, NULL, NULL, 100),
(83, 12, 2, 3, 0, NULL, NULL, 77),
(84, 1, 0, 0, 0, NULL, NULL, 88),
(84, 12, 3, 3, 0, NULL, NULL, 77),
(84, 11, 0, 1, 0, NULL, NULL, 100),
(84, 7, 1, 4, 0, NULL, NULL, 64),
(84, 8, 0, 1, 1, NULL, NULL, 100),
(84, 5, 0, 4, 0, NULL, NULL, 100),
(84, 2, 0, 1, 0, NULL, NULL, 13),
(84, 6, 0, 0, 0, NULL, NULL, 91),
(84, 10, 0, 1, 0, NULL, NULL, 100),
(84, 3, 0, 1, 0, NULL, NULL, 100),
(84, 4, 0, 1, 0, 169, 53, 100),
(84, 9, 0, 2, 0, NULL, NULL, 100),
(84, 13, 0, 0, 0, NULL, NULL, 100),
(85, 10, 0, 1, 0, NULL, NULL, 100),
(85, 5, 0, 4, 0, NULL, NULL, 100),
(85, 13, 0, 0, 0, NULL, NULL, 100),
(85, 4, 0, 1, 0, 130, 34, 100),
(85, 11, 0, 1, 0, NULL, NULL, 100),
(85, 6, 0, 0, 0, NULL, NULL, 91),
(85, 3, 0, 1, 0, NULL, NULL, 100),
(85, 2, 0, 1, 0, NULL, NULL, 13),
(85, 8, 1, 2, 0, NULL, NULL, 100),
(85, 12, 0, 3, 0, NULL, NULL, 77),
(85, 9, 0, 2, 0, NULL, NULL, 100),
(85, 7, 1, 4, 0, NULL, NULL, 64),
(85, 1, 0, 0, 0, NULL, NULL, 88),
(86, 13, 0, 0, 0, NULL, NULL, 100),
(86, 1, 0, 0, 0, NULL, NULL, 88),
(86, 9, 0, 2, 0, NULL, NULL, 100),
(86, 3, 0, 1, 0, NULL, NULL, 100),
(86, 5, 0, 3, 0, NULL, NULL, 100),
(86, 8, 0, 2, 0, NULL, NULL, 100),
(86, 2, 0, 1, 0, NULL, NULL, 13),
(86, 12, 1, 2, 1, NULL, NULL, 77),
(86, 7, 1, 5, 0, NULL, NULL, 64),
(86, 11, 1, 1, 0, NULL, NULL, 100),
(86, 4, 0, 1, 0, 143, 28, 100),
(86, 10, 0, 1, 0, NULL, NULL, 100),
(86, 6, 0, 0, 0, NULL, NULL, 91),
(87, 1, 0, 0, 0, NULL, NULL, 88),
(87, 12, 1, 2, 0, NULL, NULL, 77),
(87, 6, 0, 0, 0, NULL, NULL, 91),
(87, 8, 0, 2, 0, NULL, NULL, 100),
(87, 7, 0, 5, 0, NULL, NULL, 64),
(87, 11, 0, 1, 0, NULL, NULL, 100),
(87, 3, 0, 1, 0, NULL, NULL, 100),
(87, 4, 0, 1, 0, 136, 33, 100),
(87, 10, 0, 1, 0, NULL, NULL, 100),
(87, 13, 0, 0, 0, NULL, NULL, 100),
(87, 5, 1, 3, 2, NULL, NULL, 100),
(87, 2, 0, 1, 0, NULL, NULL, 13),
(87, 9, 0, 2, 0, NULL, NULL, 100),
(88, 9, 0, 2, 0, NULL, NULL, 100),
(88, 4, 0, 1, 0, 68, 24, 100),
(88, 12, 0, 2, 0, NULL, NULL, 77),
(88, 5, 0, 3, 0, NULL, NULL, 100),
(88, 6, 0, 0, 0, NULL, NULL, 91),
(88, 1, 0, 0, 0, NULL, NULL, 88),
(88, 13, 0, 0, 0, NULL, NULL, 100),
(88, 7, 2, 4, 0, NULL, NULL, 64),
(88, 11, 0, 1, 0, NULL, NULL, 100),
(88, 8, 0, 2, 0, NULL, NULL, 100),
(88, 2, 0, 1, 0, NULL, NULL, 13),
(88, 3, 0, 1, 0, NULL, NULL, 100),
(88, 10, 0, 1, 0, NULL, NULL, 100),
(89, 12, 0, 2, 0, NULL, NULL, 77),
(89, 10, 0, 1, 0, NULL, NULL, 100),
(89, 6, 0, 0, 0, NULL, NULL, 91),
(89, 7, 2, 4, 0, NULL, NULL, 64),
(89, 5, 0, 3, 0, NULL, NULL, 100),
(89, 3, 0, 1, 0, NULL, NULL, 100),
(89, 4, 0, 1, 0, 33, 9, 100),
(89, 11, 0, 1, 0, NULL, NULL, 100),
(89, 2, 0, 1, 0, NULL, NULL, 13),
(89, 13, 0, 0, 0, NULL, NULL, 100),
(89, 1, 0, 0, 0, NULL, NULL, 88),
(89, 8, 0, 2, 0, NULL, NULL, 100),
(89, 9, 0, 2, 0, NULL, NULL, 100),
(90, 9, 0, 2, 1, NULL, NULL, 100),
(90, 11, 1, 1, 0, NULL, NULL, 100),
(90, 10, 0, 1, 0, NULL, NULL, 100),
(90, 4, 0, 1, 0, 114, 30, 100),
(90, 7, 1, 4, 0, NULL, NULL, 64),
(90, 12, 0, 2, 1, NULL, NULL, 77),
(90, 2, 0, 1, 0, NULL, NULL, 13),
(90, 13, 0, 0, 0, NULL, NULL, 100),
(90, 3, 0, 1, 0, NULL, NULL, 100),
(90, 6, 0, 0, 0, NULL, NULL, 91),
(90, 5, 0, 3, 0, NULL, NULL, 100),
(90, 8, 0, 2, 0, NULL, NULL, 100),
(90, 1, 0, 0, 0, NULL, NULL, 88),
(91, 7, 1, 4, 0, NULL, NULL, 64),
(91, 11, 0, 1, 0, NULL, NULL, 100),
(91, 2, 0, 1, 0, NULL, NULL, 13),
(91, 1, 0, 0, 0, NULL, NULL, 88),
(91, 10, 0, 1, 0, NULL, NULL, 100),
(91, 5, 0, 2, 0, NULL, NULL, 100),
(91, 4, 0, 1, 0, 143, 42, 100),
(91, 3, 0, 1, 0, NULL, NULL, 100),
(91, 6, 0, 0, 0, NULL, NULL, 91),
(91, 13, 0, 0, 0, NULL, NULL, 100),
(91, 12, 0, 1, 0, NULL, NULL, 77),
(91, 9, 0, 2, 0, NULL, NULL, 100),
(91, 8, 0, 2, 0, NULL, NULL, 100),
(92, 13, 0, 0, 0, NULL, NULL, 100),
(92, 9, 0, 2, 0, NULL, NULL, 100),
(92, 5, 0, 2, 0, NULL, NULL, 100),
(92, 1, 0, 0, 0, NULL, NULL, 88),
(92, 12, 0, 1, 0, NULL, NULL, 77),
(92, 11, 0, 1, 0, NULL, NULL, 100),
(92, 8, 0, 2, 0, NULL, NULL, 100),
(92, 3, 0, 1, 0, NULL, NULL, 100),
(92, 6, 0, 0, 0, NULL, NULL, 91),
(92, 7, 0, 4, 0, NULL, NULL, 64),
(92, 2, 0, 1, 0, NULL, NULL, 13),
(92, 4, 0, 1, 0, 116, 30, 100),
(92, 10, 0, 1, 0, NULL, NULL, 100),
(93, 1, 0, 0, 0, NULL, NULL, 88),
(93, 10, 0, 1, 0, NULL, NULL, 100),
(93, 8, 0, 2, 0, NULL, NULL, 100),
(93, 12, 0, 1, 0, NULL, NULL, 77),
(93, 6, 0, 0, 0, NULL, NULL, 91),
(93, 13, 0, 0, 0, NULL, NULL, 100),
(93, 11, 0, 1, 0, NULL, NULL, 100),
(93, 3, 0, 1, 0, NULL, NULL, 100),
(93, 4, 0, 1, 0, 136, 29, 100),
(93, 5, 0, 2, 0, NULL, NULL, 100),
(93, 2, 0, 1, 0, NULL, NULL, 13),
(93, 7, 0, 4, 0, NULL, NULL, 64),
(93, 9, 0, 2, 0, NULL, NULL, 100),
(94, 6, 0, 0, 0, NULL, NULL, 91),
(94, 5, 1, 2, 0, NULL, NULL, 100),
(94, 9, 0, 2, 0, NULL, NULL, 100),
(94, 4, 0, 1, 0, 116, 14, 100),
(94, 1, 0, 0, 0, NULL, NULL, 88),
(94, 7, 1, 4, 0, NULL, NULL, 64),
(94, 11, 0, 1, 0, NULL, NULL, 100),
(94, 10, 0, 1, 0, NULL, NULL, 100),
(94, 13, 0, 0, 0, NULL, NULL, 100),
(94, 2, 0, 1, 0, NULL, NULL, 13),
(94, 12, 0, 1, 0, NULL, NULL, 77),
(94, 3, 0, 1, 0, NULL, NULL, 100),
(94, 8, 0, 2, 0, NULL, NULL, 100),
(95, 3, 0, 1, 0, NULL, NULL, 100),
(95, 1, 0, 0, 0, NULL, NULL, 88),
(95, 2, 0, 1, 0, NULL, NULL, 13),
(95, 6, 0, 0, 0, NULL, NULL, 91),
(95, 5, 0, 2, 0, NULL, NULL, 100),
(95, 8, 0, 2, 0, NULL, NULL, 100),
(95, 10, 0, 1, 0, NULL, NULL, 100),
(95, 13, 0, 0, 0, NULL, NULL, 100),
(95, 7, 0, 3, 0, NULL, NULL, 64),
(95, 4, 0, 1, 0, 90, 19, 100),
(95, 11, 1, 1, 0, NULL, NULL, 100),
(95, 12, 0, 1, 0, NULL, NULL, 77),
(95, 9, 0, 2, 0, NULL, NULL, 100),
(96, 4, 0, 1, 0, 48, 7, 100),
(96, 11, 3, 1, 0, NULL, NULL, 100),
(96, 8, 0, 2, 0, NULL, NULL, 100),
(96, 12, 0, 1, 0, NULL, NULL, 77),
(96, 7, 2, 3, 0, NULL, NULL, 64),
(96, 13, 0, 0, 0, NULL, NULL, 100),
(96, 2, 0, 1, 0, NULL, NULL, 13),
(96, 9, 0, 2, 0, NULL, NULL, 100),
(96, 1, 0, 0, 0, NULL, NULL, 88),
(96, 10, 0, 1, 0, NULL, NULL, 100),
(96, 5, 0, 2, 0, NULL, NULL, 100),
(96, 3, 0, 1, 0, NULL, NULL, 100),
(96, 6, 0, 0, 0, NULL, NULL, 91),
(97, 4, 0, 1, 0, 142, 23, 100),
(97, 10, 0, 1, 0, NULL, NULL, 100),
(97, 1, 0, 0, 0, NULL, NULL, 88),
(97, 6, 0, 0, 0, NULL, NULL, 91),
(97, 11, 1, 1, 0, NULL, NULL, 100),
(97, 7, 2, 3, 0, NULL, NULL, 64),
(97, 2, 0, 1, 0, NULL, NULL, 13),
(97, 5, 0, 2, 0, NULL, NULL, 100),
(97, 12, 1, 0, 0, NULL, NULL, 77),
(97, 9, 0, 2, 0, NULL, NULL, 100),
(97, 8, 0, 2, 0, NULL, NULL, 100),
(97, 13, 0, 0, 0, NULL, NULL, 100),
(97, 3, 0, 1, 0, NULL, NULL, 100),
(98, 9, 0, 2, 0, NULL, NULL, 100),
(98, 12, 0, 0, 0, NULL, NULL, 77),
(98, 5, 0, 2, 0, NULL, NULL, 100),
(98, 8, 0, 2, 0, NULL, NULL, 100),
(98, 11, 1, 1, 0, NULL, NULL, 100),
(98, 4, 0, 1, 0, 117, 26, 100),
(98, 1, 0, 0, 0, NULL, NULL, 88),
(98, 13, 0, 0, 0, NULL, NULL, 100),
(98, 6, 0, 0, 0, NULL, NULL, 91),
(98, 7, 0, 3, 0, NULL, NULL, 64),
(98, 2, 0, 1, 0, NULL, NULL, 13),
(98, 10, 0, 1, 0, NULL, NULL, 100),
(98, 3, 0, 1, 0, NULL, NULL, 100),
(99, 6, 0, 0, 0, NULL, NULL, 91),
(99, 12, 0, 0, 0, NULL, NULL, 77),
(99, 2, 0, 1, 0, NULL, NULL, 13),
(99, 3, 0, 1, 0, NULL, NULL, 100),
(99, 9, 0, 2, 0, NULL, NULL, 100),
(99, 8, 0, 2, 0, NULL, NULL, 100),
(99, 11, 0, 0, 0, NULL, NULL, 100),
(99, 5, 0, 2, 0, NULL, NULL, 100),
(99, 1, 0, 0, 0, NULL, NULL, 88),
(99, 7, 0, 3, 2, NULL, NULL, 64),
(99, 10, 0, 1, 0, NULL, NULL, 100),
(99, 4, 0, 1, 0, 97, 13, 100),
(99, 13, 0, 0, 0, NULL, NULL, 100),
(100, 1, 0, 0, 0, NULL, NULL, 88),
(100, 10, 0, 1, 0, NULL, NULL, 100),
(100, 2, 0, 1, 0, NULL, NULL, 13),
(100, 6, 0, 0, 0, NULL, NULL, 91),
(100, 8, 0, 1, 0, NULL, NULL, 100),
(100, 5, 0, 2, 0, NULL, NULL, 100),
(100, 12, 0, 0, 0, NULL, NULL, 77),
(100, 3, 0, 1, 0, NULL, NULL, 100),
(100, 11, 1, 0, 1, NULL, NULL, 100),
(100, 4, 0, 1, 0, 124, 21, 100),
(100, 7, 3, 2, 0, NULL, NULL, 64),
(100, 13, 0, 0, 0, NULL, NULL, 100),
(100, 9, 0, 2, 0, NULL, NULL, 100),
(101, 6, 0, 0, 0, NULL, NULL, 91),
(101, 7, 0, 2, 0, NULL, NULL, 64),
(101, 9, 0, 2, 0, NULL, NULL, 100),
(101, 2, 0, 1, 0, NULL, NULL, 13),
(101, 8, 0, 1, 0, NULL, NULL, 100),
(101, 5, 0, 2, 0, NULL, NULL, 100),
(101, 10, 0, 0, 0, NULL, NULL, 100),
(101, 12, 0, 1, 0, NULL, NULL, 77),
(101, 4, 0, 1, 0, 87, 26, 100),
(101, 11, 0, 0, 0, NULL, NULL, 100),
(101, 13, 0, 0, 0, NULL, NULL, 100),
(101, 3, 0, 1, 0, NULL, NULL, 100),
(101, 1, 0, 0, 0, NULL, NULL, 88),
(102, 11, 3, 0, 0, NULL, NULL, 100),
(102, 12, 0, 1, 0, NULL, NULL, 77),
(102, 3, 0, 1, 0, NULL, NULL, 100),
(102, 8, 0, 1, 0, NULL, NULL, 100),
(102, 7, 0, 3, 0, NULL, NULL, 64),
(102, 5, 0, 1, 1, NULL, NULL, 100),
(102, 4, 0, 1, 0, 55, 15, 100),
(102, 13, 0, 0, 0, NULL, NULL, 100),
(102, 1, 0, 0, 0, NULL, NULL, 88),
(102, 6, 0, 0, 0, NULL, NULL, 91),
(102, 2, 0, 1, 0, NULL, NULL, 13),
(102, 9, 0, 2, 0, NULL, NULL, 100),
(102, 10, 0, 0, 0, NULL, NULL, 100),
(103, 7, 3, 4, 0, NULL, NULL, 64),
(103, 5, 0, 1, 0, NULL, NULL, 100),
(103, 1, 0, 0, 0, NULL, NULL, 88),
(103, 6, 0, 0, 0, NULL, NULL, 91),
(103, 3, 0, 1, 0, NULL, NULL, 100),
(103, 9, 0, 2, 0, NULL, NULL, 100),
(103, 8, 0, 1, 0, NULL, NULL, 100),
(103, 10, 0, 0, 0, NULL, NULL, 100),
(103, 11, 0, 0, 0, NULL, NULL, 100),
(103, 2, 0, 1, 0, NULL, NULL, 13),
(103, 12, 0, 1, 0, NULL, NULL, 77),
(103, 4, 0, 1, 0, 44, 2, 100),
(103, 13, 0, 0, 0, NULL, NULL, 100),
(104, 4, 0, 1, 0, 102, 18, 100),
(104, 6, 0, 0, 0, NULL, NULL, 91),
(104, 7, 2, 5, 0, NULL, NULL, 64),
(104, 12, 0, 1, 0, NULL, NULL, 77),
(104, 5, 0, 1, 0, NULL, NULL, 100),
(104, 13, 0, 0, 0, NULL, NULL, 100),
(104, 10, 0, 0, 0, NULL, NULL, 100),
(104, 1, 0, 0, 0, NULL, NULL, 88),
(104, 9, 0, 2, 0, NULL, NULL, 100),
(104, 3, 0, 1, 0, NULL, NULL, 100),
(104, 2, 0, 1, 0, NULL, NULL, 13),
(104, 8, 0, 1, 0, NULL, NULL, 100),
(104, 11, 0, 0, 0, NULL, NULL, 100),
(105, 6, 0, 0, 0, NULL, NULL, 91),
(105, 4, 0, 1, 0, 152, 21, 100),
(105, 3, 0, 1, 0, NULL, NULL, 100),
(105, 12, 0, 1, 0, NULL, NULL, 77),
(105, 11, 0, 0, 0, NULL, NULL, 100),
(105, 8, 0, 1, 0, NULL, NULL, 100),
(105, 9, 0, 2, 0, NULL, NULL, 100),
(105, 5, 0, 1, 0, NULL, NULL, 100),
(105, 1, 0, 0, 0, NULL, NULL, 88),
(105, 2, 0, 1, 0, NULL, NULL, 13),
(105, 7, 0, 5, 0, NULL, NULL, 64),
(105, 10, 0, 0, 0, NULL, NULL, 100),
(105, 13, 0, 0, 0, NULL, NULL, 100),
(106, 13, 0, 0, 0, NULL, NULL, 100),
(106, 7, 0, 5, 0, NULL, NULL, 64),
(106, 4, 0, 1, 0, 106, 19, 100),
(106, 6, 0, 0, 0, NULL, NULL, 91),
(106, 3, 0, 1, 0, NULL, NULL, 100),
(106, 2, 0, 1, 0, NULL, NULL, 13),
(106, 5, 0, 1, 0, NULL, NULL, 100),
(106, 12, 0, 0, 0, NULL, NULL, 77),
(106, 1, 0, 0, 0, NULL, NULL, 88),
(106, 8, 0, 1, 0, NULL, NULL, 100),
(106, 9, 0, 2, 0, NULL, NULL, 100),
(106, 10, 0, 0, 0, NULL, NULL, 100),
(106, 11, 0, 0, 0, NULL, NULL, 100),
(107, 13, 0, 0, 0, NULL, NULL, 100),
(107, 12, 0, 0, 0, NULL, NULL, 77),
(107, 3, 0, 1, 0, NULL, NULL, 100),
(107, 4, 0, 1, 0, 93, 16, 100),
(107, 5, 1, 1, 0, NULL, NULL, 100),
(107, 11, 0, 0, 0, NULL, NULL, 100),
(107, 1, 0, 0, 0, NULL, NULL, 88),
(107, 10, 0, 0, 0, NULL, NULL, 100),
(107, 7, 0, 5, 0, NULL, NULL, 64),
(107, 8, 0, 1, 0, NULL, NULL, 100),
(107, 6, 0, 0, 0, NULL, NULL, 91),
(107, 2, 0, 1, 0, NULL, NULL, 13),
(107, 9, 0, 2, 0, NULL, NULL, 100),
(108, 11, 0, 0, 0, NULL, NULL, 100),
(108, 12, 0, 0, 0, NULL, NULL, 77),
(108, 13, 0, 0, 0, NULL, NULL, 100),
(108, 9, 0, 2, 0, NULL, NULL, 100),
(108, 8, 0, 1, 0, NULL, NULL, 100),
(108, 4, 0, 1, 0, 125, 18, 100),
(108, 5, 0, 1, 0, NULL, NULL, 100),
(108, 1, 0, 0, 0, NULL, NULL, 88),
(108, 7, 2, 4, 0, NULL, NULL, 64),
(108, 3, 0, 1, 0, NULL, NULL, 100),
(108, 6, 0, 0, 0, NULL, NULL, 91),
(108, 2, 0, 0, 0, NULL, NULL, 13),
(108, 10, 0, 0, 0, NULL, NULL, 100),
(109, 3, 0, 1, 0, NULL, NULL, 100),
(109, 13, 0, 0, 0, NULL, NULL, 100),
(109, 10, 0, 0, 0, NULL, NULL, 100),
(109, 1, 0, 0, 0, NULL, NULL, 88),
(109, 9, 0, 2, 0, NULL, NULL, 100),
(109, 7, 0, 4, 0, NULL, NULL, 64),
(109, 2, 0, 0, 0, NULL, NULL, 13),
(109, 4, 0, 1, 0, 47, 13, 100),
(109, 8, 0, 1, 0, NULL, NULL, 100),
(109, 6, 0, 0, 0, NULL, NULL, 91),
(109, 12, 0, 0, 0, NULL, NULL, 77),
(109, 11, 0, 0, 0, NULL, NULL, 100),
(109, 5, 0, 1, 0, NULL, NULL, 100),
(110, 4, 0, 1, 0, 21, 2, 100),
(110, 7, 0, 4, 0, NULL, NULL, 64),
(110, 3, 0, 1, 0, NULL, NULL, 100),
(110, 2, 0, 0, 0, NULL, NULL, 13),
(110, 1, 0, 0, 0, NULL, NULL, 88),
(110, 8, 0, 1, 0, NULL, NULL, 100),
(110, 10, 0, 0, 0, NULL, NULL, 100),
(110, 6, 0, 0, 0, NULL, NULL, 91),
(110, 11, 0, 0, 0, NULL, NULL, 100),
(110, 9, 0, 2, 0, NULL, NULL, 100),
(110, 12, 0, 0, 0, NULL, NULL, 77),
(110, 5, 0, 1, 0, NULL, NULL, 100),
(110, 13, 0, 0, 0, NULL, NULL, 100),
(111, 7, 0, 4, 0, NULL, NULL, 64),
(111, 1, 0, 0, 0, NULL, NULL, 88),
(111, 9, 0, 2, 0, NULL, NULL, 100),
(111, 2, 0, 0, 0, NULL, NULL, 13),
(111, 12, 0, 0, 0, NULL, NULL, 77),
(111, 8, 0, 1, 0, NULL, NULL, 100),
(111, 13, 0, 0, 0, NULL, NULL, 100),
(111, 10, 0, 0, 0, NULL, NULL, 100),
(111, 4, 0, 1, 0, 98, 13, 100),
(111, 3, 0, 1, 0, NULL, NULL, 100),
(111, 5, 0, 1, 0, NULL, NULL, 100),
(111, 6, 0, 0, 0, NULL, NULL, 91),
(111, 11, 0, 0, 0, NULL, NULL, 100),
(112, 9, 0, 2, 0, NULL, NULL, 100),
(112, 6, 0, 0, 0, NULL, NULL, 91),
(112, 3, 0, 1, 0, NULL, NULL, 100),
(112, 4, 0, 1, 0, 127, 35, 100),
(112, 1, 0, 0, 0, NULL, NULL, 88),
(112, 10, 0, 0, 0, NULL, NULL, 100),
(112, 8, 0, 1, 0, NULL, NULL, 100),
(112, 11, 0, 0, 0, NULL, NULL, 100),
(112, 12, 2, 0, 0, NULL, NULL, 77),
(112, 2, 0, 0, 0, NULL, NULL, 13),
(112, 5, 0, 1, 0, NULL, NULL, 100),
(112, 7, 1, 4, 0, NULL, NULL, 64),
(112, 13, 0, 0, 0, NULL, NULL, 100),
(113, 6, 0, 0, 0, NULL, NULL, 91),
(113, 3, 0, 1, 0, NULL, NULL, 100),
(113, 5, 0, 1, 0, NULL, NULL, 100),
(113, 12, 0, 0, 0, NULL, NULL, 77),
(113, 10, 0, 0, 0, NULL, NULL, 100),
(113, 7, 0, 4, 0, NULL, NULL, 64),
(113, 13, 0, 0, 0, NULL, NULL, 100),
(113, 2, 0, 0, 0, NULL, NULL, 13),
(113, 11, 0, 0, 0, NULL, NULL, 100),
(113, 8, 0, 1, 0, NULL, NULL, 100),
(113, 9, 0, 2, 0, NULL, NULL, 100),
(113, 1, 0, 0, 0, NULL, NULL, 88),
(113, 4, 0, 1, 0, 83, 34, 100),
(114, 13, 0, 0, 0, NULL, NULL, 100),
(114, 7, 0, 4, 0, NULL, NULL, 64),
(114, 4, 0, 1, 0, 79, 15, 100),
(114, 10, 0, 0, 0, NULL, NULL, 100),
(114, 11, 0, 0, 0, NULL, NULL, 100),
(114, 1, 0, 0, 0, NULL, NULL, 88),
(114, 2, 0, 0, 0, NULL, NULL, 13),
(114, 9, 0, 2, 0, NULL, NULL, 100),
(114, 3, 0, 1, 0, NULL, NULL, 100),
(114, 8, 0, 1, 0, NULL, NULL, 100),
(114, 6, 0, 0, 0, NULL, NULL, 91),
(114, 5, 0, 1, 0, NULL, NULL, 100),
(114, 12, 1, 0, 0, NULL, NULL, 77),
(115, 2, 0, 0, 0, NULL, NULL, 13),
(115, 11, 0, 0, 0, NULL, NULL, 100),
(115, 10, 2, 0, 0, NULL, NULL, 100),
(115, 4, 0, 1, 0, 136, 25, 100),
(115, 1, 0, 0, 0, NULL, NULL, 88),
(115, 5, 0, 0, 0, NULL, NULL, 100),
(115, 7, 1, 3, 0, NULL, NULL, 64),
(115, 8, 0, 1, 0, NULL, NULL, 100),
(115, 3, 0, 1, 0, NULL, NULL, 100),
(115, 12, 0, 0, 1, NULL, NULL, 77),
(115, 13, 0, 0, 0, NULL, NULL, 100),
(115, 9, 0, 2, 0, NULL, NULL, 100),
(115, 6, 0, 0, 0, NULL, NULL, 91),
(116, 6, 0, 0, 0, NULL, NULL, 91),
(116, 10, 0, 0, 0, NULL, NULL, 100),
(116, 13, 0, 0, 0, NULL, NULL, 100),
(116, 3, 0, 0, 0, NULL, NULL, 100),
(116, 4, 0, 1, 0, 57, 6, 100),
(116, 7, 0, 3, 0, NULL, NULL, 64),
(116, 2, 0, 0, 0, NULL, NULL, 13),
(116, 9, 0, 2, 0, NULL, NULL, 100);
INSERT INTO `donnees` (`id_jour`, `id_dpt`, `nbhosp`, `nbintens`, `nbdeces`, `nbhospfr`, `nbdecesfr`, `reacapacite`) VALUES
(116, 5, 0, 0, 0, NULL, NULL, 100),
(116, 8, 0, 1, 0, NULL, NULL, 100),
(116, 1, 0, 0, 0, NULL, NULL, 88),
(116, 12, 1, 0, 0, NULL, NULL, 77),
(116, 11, 0, 0, 0, NULL, NULL, 100),
(117, 11, 0, 0, 0, NULL, NULL, 100),
(117, 12, 0, 0, 0, NULL, NULL, 77),
(117, 13, 0, 0, 0, NULL, NULL, 100),
(117, 6, 0, 0, 0, NULL, NULL, 91),
(117, 8, 0, 1, 0, NULL, NULL, 100),
(117, 1, 0, 0, 0, NULL, NULL, 88),
(117, 10, 0, 0, 0, NULL, NULL, 100),
(117, 2, 0, 0, 0, NULL, NULL, 13),
(117, 4, 0, 1, 0, 26, 1, 100),
(117, 5, 0, 0, 0, NULL, NULL, 100),
(117, 9, 0, 2, 0, NULL, NULL, 100),
(117, 3, 0, 0, 0, NULL, NULL, 100),
(117, 7, 0, 3, 0, NULL, NULL, 64),
(118, 5, 0, 0, 0, NULL, NULL, 100),
(118, 1, 0, 0, 0, NULL, NULL, 88),
(118, 8, 0, 1, 0, NULL, NULL, 100),
(118, 6, 0, 0, 0, NULL, NULL, 91),
(118, 12, 0, 0, 0, NULL, NULL, 77),
(118, 13, 0, 0, 0, NULL, NULL, 100),
(118, 10, 0, 0, 0, NULL, NULL, 100),
(118, 11, 0, 0, 0, NULL, NULL, 100),
(118, 3, 0, 0, 0, NULL, NULL, 100),
(118, 2, 0, 0, 0, NULL, NULL, 13),
(118, 4, 0, 1, 0, 68, 18, 100),
(118, 7, 3, 3, 0, NULL, NULL, 64),
(118, 9, 0, 2, 0, NULL, NULL, 100),
(119, 6, 0, 0, 0, NULL, NULL, 91),
(119, 7, 0, 3, 0, NULL, NULL, 64),
(119, 1, 0, 0, 0, NULL, NULL, 88),
(119, 2, 0, 0, 0, NULL, NULL, 13),
(119, 11, 0, 0, 0, NULL, NULL, 100),
(119, 3, 0, 0, 0, NULL, NULL, 100),
(119, 5, 0, 0, 0, NULL, NULL, 100),
(119, 12, 0, 0, 0, NULL, NULL, 77),
(119, 10, 0, 0, 0, NULL, NULL, 100),
(119, 9, 1, 2, 0, NULL, NULL, 100),
(119, 8, 0, 1, 0, NULL, NULL, 100),
(119, 4, 0, 1, 0, 61, 6, 100),
(119, 13, 0, 0, 0, NULL, NULL, 100),
(120, 4, 0, 1, 0, 133, 20, 100),
(120, 13, 0, 0, 0, NULL, NULL, 100),
(120, 11, 0, 0, 0, NULL, NULL, 100),
(120, 10, 1, 0, 0, NULL, NULL, 100),
(120, 5, 0, 0, 0, NULL, NULL, 100),
(120, 12, 0, 0, 0, NULL, NULL, 77),
(120, 1, 0, 0, 0, NULL, NULL, 88),
(120, 3, 0, 0, 0, NULL, NULL, 100),
(120, 9, 0, 2, 0, NULL, NULL, 100),
(120, 6, 0, 0, 0, NULL, NULL, 91),
(120, 2, 0, 0, 0, NULL, NULL, 13),
(120, 8, 0, 1, 0, NULL, NULL, 100),
(120, 7, 0, 3, 0, NULL, NULL, 64),
(121, 1, 0, 0, 0, NULL, NULL, 88),
(121, 5, 0, 0, 0, NULL, NULL, 100),
(121, 6, 0, 0, 0, NULL, NULL, 91),
(121, 7, 0, 3, 0, NULL, NULL, 64),
(121, 11, 0, 0, 0, NULL, NULL, 100),
(121, 13, 0, 0, 0, NULL, NULL, 100),
(121, 3, 0, 0, 0, NULL, NULL, 100),
(121, 10, 0, 0, 0, NULL, NULL, 100),
(121, 2, 0, 0, 0, NULL, NULL, 13),
(121, 8, 0, 1, 0, NULL, NULL, 100),
(121, 12, 1, 1, 0, NULL, NULL, 77),
(121, 4, 0, 1, 0, 119, 18, 100),
(121, 9, 0, 2, 0, NULL, NULL, 100),
(122, 13, 0, 0, 0, NULL, NULL, 100),
(122, 8, 0, 1, 0, NULL, NULL, 100),
(122, 3, 1, 0, 0, NULL, NULL, 100),
(122, 5, 0, 0, 0, NULL, NULL, 100),
(122, 11, 0, 0, 0, NULL, NULL, 100),
(122, 4, 0, 1, 0, 119, 14, 100),
(122, 6, 0, 0, 0, NULL, NULL, 91),
(122, 12, 0, 0, 0, NULL, NULL, 77),
(122, 1, 0, 0, 0, NULL, NULL, 88),
(122, 2, 0, 0, 0, NULL, NULL, 13),
(122, 10, 0, 0, 0, NULL, NULL, 100),
(122, 7, 1, 3, 0, NULL, NULL, 64),
(122, 9, 0, 2, 0, NULL, NULL, 100),
(123, 7, 0, 3, 0, NULL, NULL, 64),
(123, 3, 1, 0, 0, NULL, NULL, 100),
(123, 1, 0, 0, 0, NULL, NULL, 88),
(123, 5, 0, 0, 0, NULL, NULL, 100),
(123, 10, 0, 0, 0, NULL, NULL, 100),
(123, 2, 0, 0, 0, NULL, NULL, 13),
(123, 8, 0, 1, 0, NULL, NULL, 100),
(123, 12, 0, 0, 0, NULL, NULL, 77),
(123, 9, 0, 2, 0, NULL, NULL, 100),
(123, 11, 1, 0, 0, NULL, NULL, 100),
(123, 6, 0, 0, 0, NULL, NULL, 91),
(123, 4, 0, 1, 0, 68, 8, 100),
(123, 13, 0, 0, 0, NULL, NULL, 100),
(124, 8, 0, 1, 0, NULL, NULL, 100),
(124, 12, 0, 0, 0, NULL, NULL, 77),
(124, 9, 0, 2, 0, NULL, NULL, 100),
(124, 6, 0, 0, 0, NULL, NULL, 91),
(124, 13, 0, 0, 0, NULL, NULL, 100),
(124, 11, 0, 0, 0, NULL, NULL, 100),
(124, 5, 0, 0, 0, NULL, NULL, 100),
(124, 3, 0, 0, 0, NULL, NULL, 100),
(124, 2, 0, 0, 0, NULL, NULL, 13),
(124, 4, 0, 1, 0, 36, 1, 100),
(124, 7, 0, 3, 0, NULL, NULL, 64),
(124, 1, 0, 0, 0, NULL, NULL, 88),
(124, 10, 0, 0, 0, NULL, NULL, 100),
(125, 4, 0, 1, 0, 137, 16, 100),
(125, 10, 0, 0, 0, NULL, NULL, 100),
(125, 1, 0, 0, 0, NULL, NULL, 88),
(125, 11, 0, 0, 0, NULL, NULL, 100),
(125, 9, 0, 2, 0, NULL, NULL, 100),
(125, 13, 0, 0, 0, NULL, NULL, 100),
(125, 6, 0, 0, 0, NULL, NULL, 91),
(125, 7, 1, 2, 0, NULL, NULL, 64),
(125, 5, 3, 0, 0, NULL, NULL, 100),
(125, 8, 0, 1, 0, NULL, NULL, 100),
(125, 2, 0, 0, 0, NULL, NULL, 13),
(125, 12, 1, 0, 0, NULL, NULL, 77),
(125, 3, 0, 0, 0, NULL, NULL, 100),
(126, 2, 0, 0, 0, NULL, NULL, 13),
(126, 12, 0, 0, 0, NULL, NULL, 77),
(126, 8, 0, 1, 0, NULL, NULL, 100),
(126, 4, 0, 1, 0, 109, 13, 100),
(126, 7, 1, 2, 0, NULL, NULL, 64),
(126, 10, 0, 0, 0, NULL, NULL, 100),
(126, 11, 0, 0, 0, NULL, NULL, 100),
(126, 1, 0, 0, 0, NULL, NULL, 88),
(126, 9, 0, 2, 0, NULL, NULL, 100),
(126, 5, 0, 0, 0, NULL, NULL, 100),
(126, 13, 0, 0, 0, NULL, NULL, 100),
(126, 6, 0, 0, 0, NULL, NULL, 91),
(126, 3, 0, 0, 0, NULL, NULL, 100),
(127, 8, 0, 1, 0, NULL, NULL, 100),
(127, 1, 0, 0, 0, NULL, NULL, 88),
(127, 3, 0, 0, 0, NULL, NULL, 100),
(127, 9, 0, 2, 0, NULL, NULL, 100),
(127, 6, 0, 0, 0, NULL, NULL, 91),
(127, 5, 1, 0, 0, NULL, NULL, 100),
(127, 10, 0, 0, 0, NULL, NULL, 100),
(127, 13, 0, 0, 0, NULL, NULL, 100),
(127, 2, 0, 0, 0, NULL, NULL, 13),
(127, 12, 1, 0, 0, NULL, NULL, 77),
(127, 7, 2, 2, 0, NULL, NULL, 64),
(127, 11, 1, 0, 0, NULL, NULL, 100),
(127, 4, 0, 1, 0, 132, 7, 100),
(128, 4, 0, 1, 0, 123, 14, 100),
(128, 11, 1, 1, 0, NULL, NULL, 100),
(128, 8, 0, 1, 0, NULL, NULL, 100),
(128, 9, 0, 2, 0, NULL, NULL, 100),
(128, 10, 0, 0, 0, NULL, NULL, 100),
(128, 2, 0, 0, 0, NULL, NULL, 13),
(128, 1, 0, 0, 0, NULL, NULL, 88),
(128, 7, 0, 1, 0, NULL, NULL, 64),
(128, 13, 0, 0, 0, NULL, NULL, 100),
(128, 3, 0, 0, 0, NULL, NULL, 100),
(128, 12, 1, 0, 0, NULL, NULL, 77),
(128, 6, 0, 0, 0, NULL, NULL, 91),
(128, 5, 1, 0, 0, NULL, NULL, 100),
(129, 11, 0, 1, 0, NULL, NULL, 100),
(129, 5, 1, 1, 0, NULL, NULL, 100),
(129, 9, 0, 2, 0, NULL, NULL, 100),
(129, 13, 0, 0, 0, NULL, NULL, 100),
(129, 4, 0, 1, 0, 126, 13, 100),
(129, 3, 0, 0, 0, NULL, NULL, 100),
(129, 2, 0, 0, 0, NULL, NULL, 13),
(129, 7, 1, 1, 0, NULL, NULL, 64),
(129, 6, 0, 0, 0, NULL, NULL, 91),
(129, 8, 0, 1, 0, NULL, NULL, 100),
(129, 1, 0, 0, 0, NULL, NULL, 88),
(129, 12, 1, 0, 1, NULL, NULL, 77),
(129, 10, 0, 0, 0, NULL, NULL, 100),
(130, 8, 0, 1, 0, NULL, NULL, 100),
(130, 7, 0, 1, 0, NULL, NULL, 64),
(130, 9, 0, 2, 0, NULL, NULL, 100),
(130, 4, 0, 1, 0, 86, 8, 100),
(130, 11, 2, 2, 0, NULL, NULL, 100),
(130, 6, 0, 0, 0, NULL, NULL, 91),
(130, 13, 0, 0, 0, NULL, NULL, 100),
(130, 1, 0, 0, 0, NULL, NULL, 88),
(130, 3, 0, 0, 0, NULL, NULL, 100),
(130, 2, 0, 0, 0, NULL, NULL, 13),
(130, 5, 0, 1, 0, NULL, NULL, 100),
(130, 12, 0, 0, 0, NULL, NULL, 77),
(130, 10, 0, 0, 0, NULL, NULL, 100),
(131, 2, 0, 0, 0, NULL, NULL, 13),
(131, 5, 0, 1, 0, NULL, NULL, 100),
(131, 1, 0, 0, 0, NULL, NULL, 88),
(131, 10, 0, 0, 0, NULL, NULL, 100),
(131, 8, 0, 1, 0, NULL, NULL, 100),
(131, 11, 1, 2, 0, NULL, NULL, 100),
(131, 6, 0, 0, 0, NULL, NULL, 91),
(131, 9, 0, 2, 0, NULL, NULL, 100),
(131, 12, 0, 0, 0, NULL, NULL, 77),
(131, 7, 0, 1, 0, NULL, NULL, 64),
(131, 13, 0, 0, 0, NULL, NULL, 100),
(131, 3, 0, 0, 0, NULL, NULL, 100),
(131, 4, 0, 1, 0, 36, 1, 100),
(132, 9, 0, 2, 0, NULL, NULL, 100),
(132, 6, 2, 0, 0, NULL, NULL, 91),
(132, 10, 0, 0, 0, NULL, NULL, 100),
(132, 5, 0, 1, 0, NULL, NULL, 100),
(132, 13, 0, 0, 0, NULL, NULL, 100),
(132, 3, 0, 0, 0, NULL, NULL, 100),
(132, 4, 0, 0, 0, 118, 9, 100),
(132, 1, 0, 0, 0, NULL, NULL, 88),
(132, 7, 4, 2, 0, NULL, NULL, 64),
(132, 2, 0, 0, 0, NULL, NULL, 13),
(132, 12, 0, 0, 0, NULL, NULL, 77),
(132, 8, 0, 1, 0, NULL, NULL, 100),
(132, 11, 0, 2, 0, NULL, NULL, 100),
(133, 3, 0, 0, 0, NULL, NULL, 100),
(133, 8, 0, 1, 0, NULL, NULL, 100),
(133, 11, 0, 2, 0, NULL, NULL, 100),
(133, 5, 0, 1, 0, NULL, NULL, 100),
(133, 1, 0, 0, 0, NULL, NULL, 88),
(133, 2, 0, 0, 0, NULL, NULL, 13),
(133, 12, 0, 0, 0, NULL, NULL, 77),
(133, 4, 0, 0, 0, 172, 15, 100),
(133, 7, 0, 3, 0, NULL, NULL, 64),
(133, 13, 0, 0, 0, NULL, NULL, 100),
(133, 10, 2, 0, 0, NULL, NULL, 100),
(133, 9, 0, 2, 0, NULL, NULL, 100),
(133, 6, 0, 0, 0, NULL, NULL, 91),
(134, 9, 1, 2, 0, NULL, NULL, 100),
(134, 13, 0, 0, 0, NULL, NULL, 100),
(134, 4, 0, 0, 0, 118, 15, 100),
(134, 12, 3, 0, 1, NULL, NULL, 77),
(134, 3, 0, 0, 0, NULL, NULL, 100),
(134, 6, 0, 0, 0, NULL, NULL, 91),
(134, 7, 0, 3, 0, NULL, NULL, 64),
(134, 5, 0, 1, 0, NULL, NULL, 100),
(134, 10, 0, 0, 0, NULL, NULL, 100),
(134, 8, 1, 2, 0, NULL, NULL, 100),
(134, 1, 0, 0, 0, NULL, NULL, 88),
(134, 2, 0, 0, 0, NULL, NULL, 13),
(134, 11, 0, 2, 0, NULL, NULL, 100),
(135, 2, 0, 0, 0, NULL, NULL, 13),
(135, 6, 1, 0, 0, NULL, NULL, 91),
(135, 12, 1, 0, 0, NULL, NULL, 77),
(135, 11, 0, 2, 0, NULL, NULL, 100),
(135, 1, 0, 0, 0, NULL, NULL, 88),
(135, 10, 0, 0, 0, NULL, NULL, 100),
(135, 5, 0, 1, 0, NULL, NULL, 100),
(135, 4, 0, 0, 0, 116, 16, 100),
(135, 9, 0, 2, 0, NULL, NULL, 100),
(135, 3, 0, 0, 0, NULL, NULL, 100),
(135, 13, 0, 0, 0, NULL, NULL, 100),
(135, 7, 3, 3, 0, NULL, NULL, 64),
(135, 8, 0, 2, 0, NULL, NULL, 100),
(136, 6, 2, 1, 0, NULL, NULL, 91),
(136, 2, 0, 0, 0, NULL, NULL, 13),
(136, 12, 0, 0, 0, NULL, NULL, 77),
(136, 11, 0, 2, 0, NULL, NULL, 100),
(136, 13, 0, 0, 0, NULL, NULL, 100),
(136, 9, 0, 2, 0, NULL, NULL, 100),
(136, 5, 0, 1, 0, NULL, NULL, 100),
(136, 3, 0, 0, 0, NULL, NULL, 100),
(136, 8, 0, 1, 0, NULL, NULL, 100),
(136, 10, 0, 0, 0, NULL, NULL, 100),
(136, 4, 0, 0, 0, 152, 11, 100),
(136, 1, 0, 0, 0, NULL, NULL, 88),
(136, 7, 2, 3, 0, NULL, NULL, 64),
(137, 10, 0, 0, 0, NULL, NULL, 100),
(137, 6, 1, 1, 0, NULL, NULL, 91),
(137, 8, 1, 1, 0, NULL, NULL, 100),
(137, 3, 0, 0, 0, NULL, NULL, 100),
(137, 13, 0, 0, 0, NULL, NULL, 100),
(137, 5, 0, 1, 0, NULL, NULL, 100),
(137, 4, 0, 0, 0, 77, 6, 100),
(137, 2, 0, 0, 0, NULL, NULL, 13),
(137, 9, 0, 2, 0, NULL, NULL, 100),
(137, 1, 0, 0, 0, NULL, NULL, 88),
(137, 7, 0, 3, 0, NULL, NULL, 64),
(137, 12, 0, 0, 0, NULL, NULL, 77),
(137, 11, 0, 1, 0, NULL, NULL, 100),
(138, 11, 0, 1, 0, NULL, NULL, 100),
(138, 10, 0, 0, 0, NULL, NULL, 100),
(138, 5, 0, 1, 0, NULL, NULL, 100),
(138, 12, 0, 0, 0, NULL, NULL, 77),
(138, 9, 0, 2, 0, NULL, NULL, 100),
(138, 1, 0, 0, 0, NULL, NULL, 88),
(138, 6, 0, 1, 0, NULL, NULL, 91),
(138, 4, 0, 0, 0, 25, 1, 100),
(138, 2, 0, 0, 0, NULL, NULL, 13),
(138, 8, 0, 1, 0, NULL, NULL, 100),
(138, 7, 0, 3, 0, NULL, NULL, 64),
(138, 13, 0, 0, 0, NULL, NULL, 100),
(138, 3, 0, 0, 0, NULL, NULL, 100),
(139, 8, 1, 1, 0, NULL, NULL, 100),
(139, 3, 0, 0, 1, NULL, NULL, 100),
(139, 2, 0, 0, 0, NULL, NULL, 13),
(139, 13, 0, 0, 0, NULL, NULL, 100),
(139, 10, 0, 0, 0, NULL, NULL, 100),
(139, 11, 0, 1, 0, NULL, NULL, 100),
(139, 7, 3, 5, 0, NULL, NULL, 64),
(139, 1, 0, 0, 0, NULL, NULL, 88),
(139, 12, 1, 0, 0, NULL, NULL, 77),
(139, 6, 0, 1, 0, NULL, NULL, 91),
(139, 9, 0, 2, 0, NULL, NULL, 100),
(139, 5, 0, 1, 0, NULL, NULL, 100),
(139, 4, 0, 0, 0, 142, 22, 100),
(140, 5, 0, 1, 0, NULL, NULL, 100),
(140, 4, 0, 0, 0, 139, 11, 100),
(140, 11, 0, 1, 0, NULL, NULL, 100),
(140, 8, 0, 1, 0, NULL, NULL, 100),
(140, 2, 0, 0, 0, NULL, NULL, 13),
(140, 1, 0, 0, 0, NULL, NULL, 88),
(140, 6, 0, 1, 0, NULL, NULL, 91),
(140, 13, 0, 0, 0, NULL, NULL, 100),
(140, 12, 1, 0, 0, NULL, NULL, 77),
(140, 7, 1, 5, 0, NULL, NULL, 64),
(140, 10, 0, 0, 0, NULL, NULL, 100),
(140, 9, 0, 2, 0, NULL, NULL, 100),
(140, 3, 0, 0, 0, NULL, NULL, 100),
(141, 3, 0, 0, 0, NULL, NULL, 100),
(141, 10, 0, 0, 0, NULL, NULL, 100),
(141, 5, 1, 1, 0, NULL, NULL, 100),
(141, 9, 0, 2, 0, NULL, NULL, 100),
(141, 8, 0, 1, 0, NULL, NULL, 100),
(141, 2, 0, 0, 0, NULL, NULL, 13),
(141, 6, 1, 1, 0, NULL, NULL, 91),
(141, 7, 2, 5, 0, NULL, NULL, 64),
(141, 12, 2, 0, 0, NULL, NULL, 77),
(141, 11, 0, 1, 0, NULL, NULL, 100),
(141, 1, 0, 0, 0, NULL, NULL, 88),
(141, 4, 0, 0, 0, 137, 9, 100),
(141, 13, 0, 0, 0, NULL, NULL, 100),
(142, 3, 0, 0, 0, NULL, NULL, 100),
(142, 6, 1, 1, 0, NULL, NULL, 91),
(142, 2, 0, 0, 0, NULL, NULL, 13),
(142, 13, 0, 0, 0, NULL, NULL, 100),
(142, 5, 0, 1, 0, NULL, NULL, 100),
(142, 9, 1, 3, 0, NULL, NULL, 100),
(142, 4, 0, 0, 0, 141, 7, 100),
(142, 12, 1, 0, 0, NULL, NULL, 77),
(142, 11, 0, 1, 0, NULL, NULL, 100),
(142, 8, 0, 1, 0, NULL, NULL, 100),
(142, 1, 0, 0, 0, NULL, NULL, 88),
(142, 7, 0, 5, 0, NULL, NULL, 64),
(142, 10, 0, 0, 0, NULL, NULL, 100),
(143, 1, 0, 0, 0, NULL, NULL, 88),
(143, 5, 0, 1, 0, NULL, NULL, 100),
(143, 10, 0, 0, 0, NULL, NULL, 100),
(143, 11, 0, 1, 0, NULL, NULL, 100),
(143, 12, 1, 0, 0, NULL, NULL, 77),
(143, 4, 0, 0, 0, 136, 12, 100),
(143, 3, 0, 0, 0, NULL, NULL, 100),
(143, 2, 0, 0, 0, NULL, NULL, 13),
(143, 9, 0, 3, 0, NULL, NULL, 100),
(143, 6, 0, 1, 0, NULL, NULL, 91),
(143, 7, 0, 5, 0, NULL, NULL, 64),
(143, 13, 0, 0, 0, NULL, NULL, 100),
(143, 8, 0, 1, 0, NULL, NULL, 100),
(144, 4, 0, 0, 0, 73, 2, 100),
(144, 9, 0, 3, 0, NULL, NULL, 100),
(144, 13, 0, 0, 0, NULL, NULL, 100),
(144, 3, 1, 0, 0, NULL, NULL, 100),
(144, 12, 2, 0, 0, NULL, NULL, 77),
(144, 5, 0, 1, 0, NULL, NULL, 100),
(144, 2, 0, 0, 0, NULL, NULL, 13),
(144, 11, 0, 1, 0, NULL, NULL, 100),
(144, 10, 0, 0, 0, NULL, NULL, 100),
(144, 6, 0, 1, 0, NULL, NULL, 91),
(144, 1, 0, 0, 0, NULL, NULL, 88),
(144, 8, 0, 2, 0, NULL, NULL, 100),
(144, 7, 1, 5, 0, NULL, NULL, 64),
(145, 1, 0, 0, 0, NULL, NULL, 88),
(145, 2, 0, 0, 0, NULL, NULL, 13),
(145, 9, 0, 3, 0, NULL, NULL, 100),
(145, 3, 0, 0, 0, NULL, NULL, 100),
(145, 11, 0, 1, 0, NULL, NULL, 100),
(145, 8, 0, 2, 0, NULL, NULL, 100),
(145, 7, 0, 5, 0, NULL, NULL, 64),
(145, 4, 0, 0, 0, 14, 0, 100),
(145, 10, 0, 0, 0, NULL, NULL, 100),
(145, 12, 1, 0, 0, NULL, NULL, 77),
(145, 5, 0, 1, 0, NULL, NULL, 100),
(145, 13, 0, 0, 0, NULL, NULL, 100),
(145, 6, 0, 1, 0, NULL, NULL, 91),
(146, 12, 3, 0, 0, NULL, NULL, 77),
(146, 1, 0, 0, 0, NULL, NULL, 88),
(146, 11, 0, 1, 0, NULL, NULL, 100),
(146, 7, 1, 5, 0, NULL, NULL, 64),
(146, 6, 0, 1, 0, NULL, NULL, 91),
(146, 4, 0, 0, 0, 180, 14, 100),
(146, 10, 0, 1, 0, NULL, NULL, 100),
(146, 8, 0, 2, 0, NULL, NULL, 100),
(146, 3, 0, 0, 0, NULL, NULL, 100),
(146, 2, 0, 0, 0, NULL, NULL, 13),
(146, 5, 0, 1, 0, NULL, NULL, 100),
(146, 9, 1, 3, 0, NULL, NULL, 100),
(146, 13, 0, 0, 0, NULL, NULL, 100),
(147, 6, 1, 0, 0, NULL, NULL, 91),
(147, 1, 0, 0, 0, NULL, NULL, 88),
(147, 8, 0, 2, 0, NULL, NULL, 100),
(147, 9, 0, 3, 0, NULL, NULL, 100),
(147, 4, 0, 0, 0, 191, 15, 100),
(147, 11, 0, 1, 0, NULL, NULL, 100),
(147, 7, 1, 4, 1, NULL, NULL, 64),
(147, 12, 10, 1, 0, NULL, NULL, 77),
(147, 13, 0, 0, 0, NULL, NULL, 100),
(147, 3, 0, 0, 0, NULL, NULL, 100),
(147, 5, 0, 1, 0, NULL, NULL, 100),
(147, 2, 0, 0, 0, NULL, NULL, 13),
(147, 10, 0, 1, 0, NULL, NULL, 100),
(148, 3, 0, 0, 0, NULL, NULL, 100),
(148, 6, 0, 0, 0, NULL, NULL, 91),
(148, 12, 1, 1, 0, NULL, NULL, 77),
(148, 11, 1, 1, 0, NULL, NULL, 100),
(148, 10, 0, 1, 0, NULL, NULL, 100),
(148, 1, 0, 0, 0, NULL, NULL, 88),
(148, 8, 0, 2, 0, NULL, NULL, 100),
(148, 13, 0, 0, 0, NULL, NULL, 100),
(148, 9, 0, 3, 0, NULL, NULL, 100),
(148, 7, 2, 4, 0, NULL, NULL, 64),
(148, 2, 0, 0, 0, NULL, NULL, 13),
(148, 4, 0, 0, 0, 143, 18, 100),
(148, 5, 0, 1, 0, NULL, NULL, 100),
(149, 6, 0, 0, 0, NULL, NULL, 91),
(149, 11, 0, 1, 0, NULL, NULL, 100),
(149, 4, 0, 0, 0, 201, 17, 100),
(149, 13, 0, 0, 0, NULL, NULL, 100),
(149, 3, 0, 0, 0, NULL, NULL, 100),
(149, 9, 0, 3, 0, NULL, NULL, 100),
(149, 8, 0, 2, 0, NULL, NULL, 100),
(149, 5, 3, 1, 0, NULL, NULL, 100),
(149, 12, 3, 1, 0, NULL, NULL, 77),
(149, 7, 4, 4, 0, NULL, NULL, 64),
(149, 2, 0, 0, 0, NULL, NULL, 13),
(149, 1, 0, 0, 0, NULL, NULL, 88),
(149, 10, 1, 1, 0, NULL, NULL, 100),
(150, 9, 0, 2, 0, NULL, NULL, 100),
(150, 8, 0, 2, 0, NULL, NULL, 100),
(150, 4, 0, 0, 0, 173, 19, 100),
(150, 1, 0, 0, 0, NULL, NULL, 88),
(150, 3, 0, 0, 0, NULL, NULL, 100),
(150, 5, 0, 1, 0, NULL, NULL, 100),
(150, 2, 0, 0, 0, NULL, NULL, 13),
(150, 11, 0, 1, 0, NULL, NULL, 100),
(150, 12, 3, 1, 0, NULL, NULL, 77),
(150, 10, 1, 0, 0, NULL, NULL, 100),
(150, 13, 0, 0, 0, NULL, NULL, 100),
(150, 6, 0, 0, 0, NULL, NULL, 91),
(150, 7, 2, 3, 0, NULL, NULL, 64),
(151, 2, 1, 0, 0, NULL, NULL, 13),
(151, 3, 0, 0, 0, NULL, NULL, 100),
(151, 9, 1, 2, 0, NULL, NULL, 100),
(151, 8, 0, 2, 0, NULL, NULL, 100),
(151, 10, 0, 0, 0, NULL, NULL, 100),
(151, 7, 2, 2, 0, NULL, NULL, 64),
(151, 6, 0, 0, 0, NULL, NULL, 91),
(151, 13, 0, 0, 0, NULL, NULL, 100),
(151, 4, 0, 0, 0, 87, 4, 100),
(151, 12, 3, 1, 0, NULL, NULL, 77),
(151, 11, 1, 1, 0, NULL, NULL, 100),
(151, 5, 7, 3, 0, NULL, NULL, 100),
(151, 1, 0, 0, 0, NULL, NULL, 88),
(152, 3, 0, 0, 0, NULL, NULL, 100),
(152, 11, 0, 1, 0, NULL, NULL, 100),
(152, 4, 0, 0, 0, 33, 1, 100),
(152, 2, 0, 0, 0, NULL, NULL, 13),
(152, 6, 0, 0, 0, NULL, NULL, 91),
(152, 5, 0, 3, 0, NULL, NULL, 100),
(152, 12, 0, 1, 0, NULL, NULL, 77),
(152, 13, 0, 0, 0, NULL, NULL, 100),
(152, 9, 0, 2, 0, NULL, NULL, 100),
(152, 10, 0, 0, 0, NULL, NULL, 100),
(152, 7, 0, 2, 0, NULL, NULL, 64),
(152, 8, 0, 2, 0, NULL, NULL, 100),
(152, 1, 0, 0, 0, NULL, NULL, 88),
(153, 9, 0, 2, 0, NULL, NULL, 100),
(153, 2, 0, 0, 0, NULL, NULL, 13),
(153, 5, 0, 1, 1, NULL, NULL, 100),
(153, 7, 2, 2, 1, NULL, NULL, 64),
(153, 8, 1, 2, 0, NULL, NULL, 100),
(153, 12, 1, 0, 0, NULL, NULL, 77),
(153, 4, 0, 0, 0, 234, 19, 100),
(153, 6, 0, 0, 0, NULL, NULL, 91),
(153, 11, 0, 1, 0, NULL, NULL, 100),
(153, 3, 0, 0, 0, NULL, NULL, 100),
(153, 13, 0, 0, 0, NULL, NULL, 100),
(153, 10, 1, 0, 0, NULL, NULL, 100),
(153, 1, 0, 0, 0, NULL, NULL, 88),
(154, 3, 0, 0, 0, NULL, NULL, 100),
(154, 5, 2, 1, 0, NULL, NULL, 100),
(154, 12, 2, 0, 0, NULL, NULL, 77),
(154, 10, 1, 1, 0, NULL, NULL, 100),
(154, 9, 0, 1, 0, NULL, NULL, 100),
(154, 2, 0, 0, 0, NULL, NULL, 13),
(154, 4, 0, 0, 0, 185, 17, 100),
(154, 13, 1, 0, 0, NULL, NULL, 100),
(154, 7, 10, 4, 0, NULL, NULL, 64),
(154, 11, 0, 1, 0, NULL, NULL, 100),
(154, 8, 0, 1, 0, NULL, NULL, 100),
(154, 1, 1, 0, 0, NULL, NULL, 88),
(154, 6, 0, 0, 0, NULL, NULL, 91),
(155, 12, 8, 3, 0, NULL, NULL, 77),
(155, 11, 0, 1, 0, NULL, NULL, 100),
(155, 10, 1, 2, 1, NULL, NULL, 100),
(155, 1, 0, 0, 0, NULL, NULL, 88),
(155, 13, 0, 0, 0, NULL, NULL, 100),
(155, 3, 0, 0, 0, NULL, NULL, 100),
(155, 4, 1, 0, 0, 162, 17, 100),
(155, 7, 6, 4, 0, NULL, NULL, 64),
(155, 2, 0, 0, 0, NULL, NULL, 13),
(155, 9, 2, 1, 0, NULL, NULL, 100),
(155, 6, 0, 0, 0, NULL, NULL, 91),
(155, 5, 0, 1, 0, NULL, NULL, 100),
(155, 8, 3, 1, 0, NULL, NULL, 100),
(156, 9, 0, 1, 0, NULL, NULL, 100),
(156, 11, 0, 1, 0, NULL, NULL, 100),
(156, 12, 3, 4, 0, NULL, NULL, 77),
(156, 10, 1, 2, 0, NULL, NULL, 100),
(156, 6, 0, 0, 0, NULL, NULL, 91),
(156, 5, 0, 1, 0, NULL, NULL, 100),
(156, 2, 0, 0, 0, NULL, NULL, 13),
(156, 3, 0, 0, 0, NULL, NULL, 100),
(156, 1, 0, 0, 0, NULL, NULL, 88),
(156, 13, 0, 0, 0, NULL, NULL, 100),
(156, 8, 1, 1, 0, NULL, NULL, 100),
(156, 7, 4, 3, 1, NULL, NULL, 64),
(156, 4, 0, 0, 0, 149, 12, 100),
(157, 7, 2, 3, 0, NULL, NULL, 64),
(157, 4, 0, 0, 0, 210, 23, 100),
(157, 6, 1, 0, 0, NULL, NULL, 91),
(157, 8, 3, 1, 0, NULL, NULL, 100),
(157, 5, 0, 1, 0, NULL, NULL, 100),
(157, 3, 1, 0, 0, NULL, NULL, 100),
(157, 12, 7, 5, 0, NULL, NULL, 77),
(157, 13, 0, 0, 0, NULL, NULL, 100),
(157, 9, 0, 1, 0, NULL, NULL, 100),
(157, 2, 0, 0, 0, NULL, NULL, 13),
(157, 11, 0, 0, 0, NULL, NULL, 100),
(157, 10, 0, 3, 0, NULL, NULL, 100),
(157, 1, 0, 0, 0, NULL, NULL, 88),
(158, 10, 0, 3, 0, NULL, NULL, 100),
(158, 3, 0, 0, 0, NULL, NULL, 100),
(158, 5, 0, 1, 0, NULL, NULL, 100),
(158, 11, 1, 0, 0, NULL, NULL, 100),
(158, 12, 1, 5, 0, NULL, NULL, 77),
(158, 7, 0, 3, 0, NULL, NULL, 64),
(158, 8, 0, 1, 0, NULL, NULL, 100),
(158, 2, 0, 0, 0, NULL, NULL, 13),
(158, 9, 0, 0, 0, NULL, NULL, 100),
(158, 1, 0, 0, 0, NULL, NULL, 88),
(158, 13, 0, 0, 0, NULL, NULL, 100),
(158, 4, 0, 0, 0, 114, 12, 100),
(158, 6, 1, 0, 0, NULL, NULL, 91),
(159, 2, 0, 0, 0, NULL, NULL, 13),
(159, 5, 0, 1, 0, NULL, NULL, 100),
(159, 1, 0, 0, 0, NULL, NULL, 88),
(159, 12, 0, 5, 0, NULL, NULL, 77),
(159, 3, 0, 0, 0, NULL, NULL, 100),
(159, 8, 0, 1, 0, NULL, NULL, 100),
(159, 7, 1, 3, 0, NULL, NULL, 64),
(159, 6, 0, 0, 0, NULL, NULL, 91),
(159, 4, 0, 0, 0, 29, 1, 100),
(159, 11, 0, 0, 0, NULL, NULL, 100),
(159, 9, 0, 0, 0, NULL, NULL, 100),
(159, 10, 0, 3, 0, NULL, NULL, 100),
(159, 13, 0, 0, 0, NULL, NULL, 100),
(160, 11, 1, 1, 0, NULL, NULL, 100),
(160, 8, 0, 1, 0, NULL, NULL, 100),
(160, 10, 2, 3, 0, NULL, NULL, 100),
(160, 13, 0, 0, 0, NULL, NULL, 100),
(160, 2, 0, 0, 0, NULL, NULL, 13),
(160, 1, 0, 0, 0, NULL, NULL, 88),
(160, 7, 12, 5, 1, NULL, NULL, 64),
(160, 3, 0, 0, 0, NULL, NULL, 100),
(160, 5, 0, 1, 0, NULL, NULL, 100),
(160, 12, 6, 4, 0, NULL, NULL, 77),
(160, 4, 0, 0, 0, 233, 15, 100),
(160, 9, 1, 0, 0, NULL, NULL, 100),
(160, 6, 0, 1, 0, NULL, NULL, 91),
(161, 5, 6, 2, 0, NULL, NULL, 100),
(161, 1, 0, 0, 0, NULL, NULL, 88),
(161, 11, 0, 1, 0, NULL, NULL, 100),
(161, 10, 0, 3, 0, NULL, NULL, 100),
(161, 7, 4, 4, 0, NULL, NULL, 64),
(161, 8, 3, 1, 0, NULL, NULL, 100),
(161, 13, 0, 0, 0, NULL, NULL, 100),
(161, 9, 4, 0, 0, NULL, NULL, 100),
(161, 2, 1, 0, 0, NULL, NULL, 13),
(161, 3, 0, 0, 0, NULL, NULL, 100),
(161, 4, 0, 0, 0, 265, 22, 100),
(161, 6, 0, 1, 0, NULL, NULL, 91),
(161, 12, 3, 4, 0, NULL, NULL, 77),
(162, 11, 0, 1, 0, NULL, NULL, 100),
(162, 6, 0, 1, 0, NULL, NULL, 91),
(162, 5, 2, 2, 0, NULL, NULL, 100),
(162, 9, 0, 0, 0, NULL, NULL, 100),
(162, 13, 0, 0, 0, NULL, NULL, 100),
(162, 2, 0, 0, 0, NULL, NULL, 13),
(162, 4, 0, 0, 0, 215, 19, 100),
(162, 10, 2, 3, 0, NULL, NULL, 100),
(162, 1, 0, 0, 0, NULL, NULL, 88),
(162, 7, 10, 5, 0, NULL, NULL, 64),
(162, 3, 0, 0, 0, NULL, NULL, 100),
(162, 8, 0, 1, 0, NULL, NULL, 100),
(162, 12, 3, 5, 0, NULL, NULL, 77),
(163, 11, 0, 1, 0, NULL, NULL, 100),
(163, 2, 1, 0, 0, NULL, NULL, 13),
(163, 3, 0, 0, 0, NULL, NULL, 100),
(163, 4, 0, 0, 0, 225, 15, 100),
(163, 6, 0, 1, 0, NULL, NULL, 91),
(163, 8, 1, 1, 0, NULL, NULL, 100),
(163, 13, 0, 0, 0, NULL, NULL, 100),
(163, 1, 0, 0, 0, NULL, NULL, 88),
(163, 10, 0, 2, 1, NULL, NULL, 100),
(163, 9, 0, 0, 0, NULL, NULL, 100),
(163, 12, 7, 5, 0, NULL, NULL, 77),
(163, 7, 5, 5, 1, NULL, NULL, 64),
(163, 5, 7, 4, 0, NULL, NULL, 100),
(164, 7, 5, 5, 1, NULL, NULL, 64),
(164, 8, 1, 1, 0, NULL, NULL, 100),
(164, 4, 1, 1, 0, 241, 19, 100),
(164, 2, 2, 0, 0, NULL, NULL, 13),
(164, 3, 0, 0, 0, NULL, NULL, 100),
(164, 10, 1, 2, 0, NULL, NULL, 100),
(164, 6, 0, 1, 0, NULL, NULL, 91),
(164, 9, 1, 0, 0, NULL, NULL, 100),
(164, 1, 0, 0, 0, NULL, NULL, 88),
(164, 11, 1, 1, 0, NULL, NULL, 100),
(164, 13, 0, 0, 0, NULL, NULL, 100),
(164, 5, 0, 4, 0, NULL, NULL, 100),
(164, 12, 12, 7, 0, NULL, NULL, 77),
(165, 1, 0, 0, 0, NULL, NULL, 88),
(165, 5, 1, 4, 0, NULL, NULL, 100),
(165, 8, 0, 1, 0, NULL, NULL, 100),
(165, 6, 0, 0, 0, NULL, NULL, 91),
(165, 3, 0, 1, 0, NULL, NULL, 100),
(165, 13, 0, 0, 0, NULL, NULL, 100),
(165, 9, 0, 0, 0, NULL, NULL, 100),
(165, 12, 5, 7, 0, NULL, NULL, 77),
(165, 7, 3, 5, 1, NULL, NULL, 64),
(165, 10, 0, 2, 0, NULL, NULL, 100),
(165, 4, 0, 1, 0, 135, 6, 100),
(165, 11, 0, 1, 0, NULL, NULL, 100),
(165, 2, 2, 0, 0, NULL, NULL, 13),
(166, 1, 0, 0, 0, NULL, NULL, 88),
(166, 10, 0, 2, 0, NULL, NULL, 100),
(166, 12, 1, 7, 0, NULL, NULL, 77),
(166, 6, 0, 0, 0, NULL, NULL, 91),
(166, 2, 0, 0, 0, NULL, NULL, 13),
(166, 7, 2, 5, 0, NULL, NULL, 64),
(166, 3, 0, 1, 0, NULL, NULL, 100),
(166, 11, 0, 1, 0, NULL, NULL, 100),
(166, 4, 0, 1, 0, 23, 4, 100),
(166, 5, 0, 4, 0, NULL, NULL, 100),
(166, 8, 0, 1, 0, NULL, NULL, 100),
(166, 9, 0, 0, 0, NULL, NULL, 100),
(166, 13, 0, 0, 0, NULL, NULL, 100),
(167, 1, 0, 0, 0, NULL, NULL, 88),
(167, 4, 0, 1, 0, 254, 29, 100),
(167, 7, 6, 4, 3, NULL, NULL, 64),
(167, 5, 0, 4, 0, NULL, NULL, 100),
(167, 13, 0, 0, 0, NULL, NULL, 100),
(167, 12, 15, 8, 1, NULL, NULL, 77),
(167, 10, 2, 1, 0, NULL, NULL, 100),
(167, 3, 0, 1, 0, NULL, NULL, 100),
(167, 2, 0, 1, 0, NULL, NULL, 13),
(167, 6, 2, 0, 0, NULL, NULL, 91),
(167, 8, 0, 1, 0, NULL, NULL, 100),
(167, 9, 0, 0, 0, NULL, NULL, 100),
(167, 11, 0, 1, 0, NULL, NULL, 100),
(168, 11, 2, 1, 0, NULL, NULL, 100),
(168, 5, 2, 4, 1, NULL, NULL, 100),
(168, 9, 0, 0, 0, NULL, NULL, 100),
(168, 6, 0, 0, 0, NULL, NULL, 91),
(168, 2, 1, 2, 0, NULL, NULL, 13),
(168, 12, 4, 9, 0, NULL, NULL, 77),
(168, 4, 0, 1, 0, 300, 19, 100),
(168, 7, 8, 6, 0, NULL, NULL, 64),
(168, 1, 0, 0, 0, NULL, NULL, 88),
(168, 3, 0, 1, 0, NULL, NULL, 100),
(168, 8, 0, 1, 0, NULL, NULL, 100),
(168, 10, 1, 1, 0, NULL, NULL, 100),
(168, 13, 0, 0, 0, NULL, NULL, 100),
(169, 4, 0, 1, 0, 317, 26, 100),
(169, 10, 1, 2, 0, NULL, NULL, 100),
(169, 6, 2, 0, 0, NULL, NULL, 91),
(169, 9, 0, 0, 0, NULL, NULL, 100),
(169, 5, 1, 4, 0, NULL, NULL, 100),
(169, 2, 0, 2, 0, NULL, NULL, 13),
(169, 11, 1, 1, 0, NULL, NULL, 100),
(169, 3, 0, 1, 0, NULL, NULL, 100),
(169, 13, 1, 0, 0, NULL, NULL, 100),
(169, 8, 1, 1, 0, NULL, NULL, 100),
(169, 7, 13, 10, 0, NULL, NULL, 64),
(169, 1, 0, 0, 0, NULL, NULL, 88),
(169, 12, 5, 10, 0, NULL, NULL, 77),
(170, 10, 1, 2, 0, NULL, NULL, 100),
(170, 6, 0, 0, 0, NULL, NULL, 91),
(170, 5, 3, 4, 0, NULL, NULL, 100),
(170, 2, 0, 2, 0, NULL, NULL, 13),
(170, 1, 0, 0, 0, NULL, NULL, 88),
(170, 13, 0, 0, 0, NULL, NULL, 100),
(170, 3, 2, 1, 0, NULL, NULL, 100),
(170, 4, 0, 1, 0, 307, 21, 100),
(170, 11, 0, 1, 0, NULL, NULL, 100),
(170, 8, 0, 1, 0, NULL, NULL, 100),
(170, 7, 1, 10, 0, NULL, NULL, 64),
(170, 9, 0, 0, 0, NULL, NULL, 100),
(170, 12, 8, 15, 0, NULL, NULL, 77),
(171, 7, 3, 9, 1, NULL, NULL, 64),
(171, 6, 1, 0, 0, NULL, NULL, 91),
(171, 8, 0, 1, 0, NULL, NULL, 100),
(171, 9, 0, 0, 0, NULL, NULL, 100),
(171, 1, 0, 0, 0, NULL, NULL, 88),
(171, 11, 1, 1, 0, NULL, NULL, 100),
(171, 5, 0, 4, 0, NULL, NULL, 100),
(171, 12, 6, 11, 2, NULL, NULL, 77),
(171, 13, 0, 0, 0, NULL, NULL, 100),
(171, 2, 0, 2, 0, NULL, NULL, 13),
(171, 3, 0, 1, 0, NULL, NULL, 100),
(171, 10, 2, 2, 0, NULL, NULL, 100),
(171, 4, 0, 1, 0, 292, 19, 100),
(172, 12, 4, 10, 0, NULL, NULL, 77),
(172, 10, 0, 2, 0, NULL, NULL, 100),
(172, 4, 0, 1, 0, 168, 12, 100),
(172, 8, 0, 1, 0, NULL, NULL, 100),
(172, 5, 2, 4, 0, NULL, NULL, 100),
(172, 11, 1, 2, 0, NULL, NULL, 100),
(172, 9, 0, 0, 0, NULL, NULL, 100),
(172, 13, 0, 0, 0, NULL, NULL, 100),
(172, 3, 0, 1, 0, NULL, NULL, 100),
(172, 2, 1, 1, 1, NULL, NULL, 13),
(172, 1, 0, 0, 0, NULL, NULL, 88),
(172, 7, 1, 9, 0, NULL, NULL, 64),
(172, 6, 0, 0, 0, NULL, NULL, 91),
(173, 12, 3, 12, 0, NULL, NULL, 77),
(173, 3, 0, 1, 0, NULL, NULL, 100),
(173, 5, 1, 4, 0, NULL, NULL, 100),
(173, 4, 0, 1, 0, 66, 3, 100),
(173, 10, 0, 2, 0, NULL, NULL, 100),
(173, 11, 0, 2, 0, NULL, NULL, 100),
(173, 13, 0, 0, 0, NULL, NULL, 100),
(173, 9, 0, 0, 0, NULL, NULL, 100),
(173, 7, 1, 9, 0, NULL, NULL, 64),
(173, 8, 0, 1, 0, NULL, NULL, 100),
(173, 2, 0, 1, 0, NULL, NULL, 13),
(173, 1, 0, 0, 0, NULL, NULL, 88),
(173, 6, 1, 0, 0, NULL, NULL, 91),
(174, 10, 1, 2, 0, NULL, NULL, 100),
(174, 3, 2, 1, 0, NULL, NULL, 100),
(174, 13, 0, 0, 0, NULL, NULL, 100),
(174, 1, 0, 0, 0, NULL, NULL, 88),
(174, 9, 0, 0, 0, NULL, NULL, 100),
(174, 6, 2, 0, 0, NULL, NULL, 91),
(174, 8, 3, 2, 0, NULL, NULL, 100),
(174, 4, 0, 1, 0, 448, 25, 100),
(174, 5, 6, 6, 1, NULL, NULL, 100),
(174, 11, 0, 1, 0, NULL, NULL, 100),
(174, 12, 3, 13, 0, NULL, NULL, 77),
(174, 2, 0, 1, 0, NULL, NULL, 13),
(174, 7, 24, 8, 0, NULL, NULL, 64),
(175, 9, 0, 0, 0, NULL, NULL, 100),
(175, 6, 1, 0, 0, NULL, NULL, 91),
(175, 1, 0, 0, 0, NULL, NULL, 88),
(175, 12, 27, 17, 1, NULL, NULL, 77),
(175, 3, 0, 1, 0, NULL, NULL, 100),
(175, 2, 0, 1, 0, NULL, NULL, 13),
(175, 11, 1, 1, 0, NULL, NULL, 100),
(175, 8, 0, 2, 0, NULL, NULL, 100),
(175, 13, 2, 0, 0, NULL, NULL, 100),
(175, 4, 0, 1, 0, 490, 39, 100),
(175, 5, 1, 7, 0, NULL, NULL, 100),
(175, 7, 13, 7, 0, NULL, NULL, 64),
(175, 10, 0, 2, 0, NULL, NULL, 100),
(176, 3, 1, 1, 0, NULL, NULL, 100),
(176, 7, 6, 6, 0, NULL, NULL, 64),
(176, 5, 5, 7, 0, NULL, NULL, 100),
(176, 1, 1, 0, 0, NULL, NULL, 88),
(176, 8, 1, 1, 0, NULL, NULL, 100),
(176, 9, 1, 1, 0, NULL, NULL, 100),
(176, 11, 0, 1, 0, NULL, NULL, 100),
(176, 13, 1, 0, 0, NULL, NULL, 100),
(176, 6, 0, 0, 0, NULL, NULL, 91),
(176, 12, 9, 18, 1, NULL, NULL, 77),
(176, 4, 0, 1, 0, 386, 30, 100),
(176, 10, 2, 3, 0, NULL, NULL, 100),
(176, 2, 2, 1, 0, NULL, NULL, 13),
(177, 7, 7, 8, 1, NULL, NULL, 64),
(177, 5, 5, 6, 0, NULL, NULL, 100),
(177, 9, 1, 0, 0, NULL, NULL, 100),
(177, 6, 2, 0, 0, NULL, NULL, 91),
(177, 1, 0, 0, 0, NULL, NULL, 88),
(177, 8, 1, 2, 0, NULL, NULL, 100),
(177, 4, 2, 0, 0, 352, 19, 100),
(177, 2, 0, 1, 0, NULL, NULL, 13),
(177, 10, 1, 3, 0, NULL, NULL, 100),
(177, 11, 0, 1, 0, NULL, NULL, 100),
(177, 3, 0, 1, 0, NULL, NULL, 100),
(177, 13, 1, 0, 0, NULL, NULL, 100),
(177, 12, 7, 19, 0, NULL, NULL, 77),
(178, 4, 1, 0, 0, 447, 40, 100),
(178, 6, 1, 0, 0, NULL, NULL, 91),
(178, 3, 0, 1, 0, NULL, NULL, 100),
(178, 2, 0, 1, 0, NULL, NULL, 13),
(178, 12, 10, 19, 2, NULL, NULL, 77),
(178, 7, 21, 10, 3, NULL, NULL, 64),
(178, 11, 0, 1, 0, NULL, NULL, 100),
(178, 13, 0, 0, 0, NULL, NULL, 100),
(178, 9, 1, 0, 0, NULL, NULL, 100),
(178, 1, 0, 0, 0, NULL, NULL, 88),
(178, 5, 3, 6, 0, NULL, NULL, 100),
(178, 8, 0, 3, 0, NULL, NULL, 100),
(178, 10, 0, 2, 0, NULL, NULL, 100),
(179, 2, 3, 1, 0, NULL, NULL, 13),
(179, 5, 5, 6, 0, NULL, NULL, 100),
(179, 12, 2, 19, 1, NULL, NULL, 77),
(179, 3, 0, 1, 0, NULL, NULL, 100),
(179, 8, 0, 3, 0, NULL, NULL, 100),
(179, 10, 2, 2, 0, NULL, NULL, 100),
(179, 7, 2, 11, 0, NULL, NULL, 64),
(179, 6, 1, 0, 0, NULL, NULL, 91),
(179, 11, 1, 1, 0, NULL, NULL, 100),
(179, 4, 0, 0, 0, 243, 17, 100),
(179, 1, 0, 0, 0, NULL, NULL, 88),
(179, 13, 0, 0, 0, NULL, NULL, 100),
(179, 9, 0, 0, 0, NULL, NULL, 100),
(180, 11, 0, 1, 0, NULL, NULL, 100),
(180, 1, 0, 0, 0, NULL, NULL, 88),
(180, 7, 1, 12, 0, NULL, NULL, 64),
(180, 8, 0, 3, 0, NULL, NULL, 100),
(180, 10, 0, 2, 0, NULL, NULL, 100),
(180, 2, 2, 1, 0, NULL, NULL, 13),
(180, 12, 7, 18, 0, NULL, NULL, 77),
(180, 13, 0, 0, 0, NULL, NULL, 100),
(180, 4, 0, 0, 0, 98, 6, 100),
(180, 5, 0, 6, 0, NULL, NULL, 100),
(180, 6, 0, 0, 0, NULL, NULL, 91),
(180, 9, 0, 0, 0, NULL, NULL, 100),
(180, 3, 0, 1, 0, NULL, NULL, 100),
(181, 7, 19, 13, 0, NULL, NULL, 64),
(181, 13, 0, 0, 0, NULL, NULL, 100),
(181, 5, 9, 7, 0, NULL, NULL, 100),
(181, 4, 1, 1, 0, 545, 34, 100),
(181, 9, 0, 0, 0, NULL, NULL, 100),
(181, 2, 3, 1, 0, NULL, NULL, 13),
(181, 10, 4, 1, 0, NULL, NULL, 100),
(181, 6, 4, 1, 0, NULL, NULL, 91),
(181, 1, 1, 0, 0, NULL, NULL, 88),
(181, 3, 4, 2, 0, NULL, NULL, 100),
(181, 11, 0, 0, 1, NULL, NULL, 100),
(181, 8, 0, 3, 0, NULL, NULL, 100),
(181, 12, 20, 17, 1, NULL, NULL, 77),
(182, 3, 1, 2, 0, NULL, NULL, 100),
(182, 8, 0, 3, 0, NULL, NULL, 100),
(182, 2, 0, 1, 0, NULL, NULL, 13),
(182, 1, 0, 0, 0, NULL, NULL, 88),
(182, 4, 0, 1, 0, 642, 37, 100),
(182, 7, 1, 12, 1, NULL, NULL, 64),
(182, 9, 0, 0, 0, NULL, NULL, 100),
(182, 10, 3, 1, 0, NULL, NULL, 100),
(182, 5, 10, 12, 0, NULL, NULL, 100),
(182, 12, 13, 18, 3, NULL, NULL, 77),
(182, 13, 3, 0, 0, NULL, NULL, 100),
(182, 11, 0, 0, 0, NULL, NULL, 100),
(182, 6, 0, 1, 0, NULL, NULL, 91),
(183, 6, 0, 2, 0, NULL, NULL, 91),
(183, 8, 4, 5, 0, NULL, NULL, 100),
(183, 4, 0, 1, 0, 649, 46, 100),
(183, 7, 24, 15, 1, NULL, NULL, 64),
(183, 10, 4, 1, 0, NULL, NULL, 100),
(183, 1, 0, 0, 0, NULL, NULL, 88),
(183, 12, 10, 19, 1, NULL, NULL, 77),
(183, 2, 0, 1, 0, NULL, NULL, 13),
(183, 9, 1, 0, 0, NULL, NULL, 100),
(183, 3, 0, 2, 0, NULL, NULL, 100),
(183, 13, 0, 0, 0, NULL, NULL, 100),
(183, 5, 2, 12, 0, NULL, NULL, 100),
(183, 11, 1, 0, 0, NULL, NULL, 100),
(184, 4, 0, 1, 0, 599, 50, 100),
(184, 8, 0, 4, 0, NULL, NULL, 100),
(184, 2, 2, 1, 0, NULL, NULL, 13),
(184, 9, 2, 0, 0, NULL, NULL, 100),
(184, 3, 2, 3, 0, NULL, NULL, 100),
(184, 11, 1, 0, 0, NULL, NULL, 100),
(184, 1, 0, 0, 0, NULL, NULL, 88),
(184, 10, 1, 1, 1, NULL, NULL, 100),
(184, 7, 9, 15, 1, NULL, NULL, 64),
(184, 13, 0, 0, 0, NULL, NULL, 100),
(184, 6, 2, 2, 1, NULL, NULL, 91),
(184, 5, 3, 15, 1, NULL, NULL, 100),
(184, 12, 11, 21, 0, NULL, NULL, 77),
(185, 1, 0, 0, 0, NULL, NULL, 88),
(185, 7, 14, 16, 1, NULL, NULL, 64),
(185, 9, 0, 0, 0, NULL, NULL, 100),
(185, 3, 2, 3, 0, NULL, NULL, 100),
(185, 2, 0, 1, 0, NULL, NULL, 13),
(185, 13, 0, 0, 0, NULL, NULL, 100),
(185, 8, 3, 4, 0, NULL, NULL, 100),
(185, 6, 3, 3, 0, NULL, NULL, 91),
(185, 10, 1, 2, 0, NULL, NULL, 100),
(185, 12, 6, 22, 0, NULL, NULL, 77),
(185, 4, 0, 1, 0, 850, 123, 100),
(185, 11, 0, 0, 0, NULL, NULL, 100),
(185, 5, 11, 15, 1, NULL, NULL, 100),
(186, 11, 2, 0, 0, NULL, NULL, 100),
(186, 4, 0, 1, 0, 470, 26, 100),
(186, 1, 0, 0, 0, NULL, NULL, 88),
(186, 5, 0, 15, 0, NULL, NULL, 100),
(186, 2, 1, 1, 0, NULL, NULL, 13),
(186, 7, 8, 17, 1, NULL, NULL, 64),
(186, 12, 7, 24, 1, NULL, NULL, 77),
(186, 10, 1, 2, 1, NULL, NULL, 100),
(186, 8, 0, 4, 0, NULL, NULL, 100),
(186, 13, 0, 0, 0, NULL, NULL, 100),
(186, 6, 0, 3, 0, NULL, NULL, 91),
(186, 9, 0, 0, 0, NULL, NULL, 100),
(186, 3, 1, 4, 0, NULL, NULL, 100),
(187, 8, 0, 4, 0, NULL, NULL, 100),
(187, 11, 3, 0, 0, NULL, NULL, 100),
(187, 7, 2, 17, 0, NULL, NULL, 64),
(187, 3, 0, 4, 0, NULL, NULL, 100),
(187, 6, 0, 3, 0, NULL, NULL, 91),
(187, 13, 0, 0, 0, NULL, NULL, 100),
(187, 1, 0, 0, 0, NULL, NULL, 88),
(187, 2, 0, 1, 0, NULL, NULL, 13),
(187, 9, 0, 0, 0, NULL, NULL, 100),
(187, 5, 0, 15, 0, NULL, NULL, 100),
(187, 10, 0, 2, 0, NULL, NULL, 100),
(187, 4, 0, 1, 0, 139, 12, 100),
(187, 12, 2, 24, 0, NULL, NULL, 77),
(188, 10, 5, 4, 1, NULL, NULL, 100),
(188, 4, 2, 3, 0, 754, 53, 100),
(188, 9, 0, 0, 0, NULL, NULL, 100),
(188, 8, 1, 3, 0, NULL, NULL, 100),
(188, 7, 24, 22, 2, NULL, NULL, 64),
(188, 12, 3, 25, 1, NULL, NULL, 77),
(188, 3, 4, 4, 0, NULL, NULL, 100),
(188, 1, 0, 0, 0, NULL, NULL, 88),
(188, 11, 1, 1, 0, NULL, NULL, 100),
(188, 6, 2, 4, 0, NULL, NULL, 91),
(188, 5, 8, 15, 1, NULL, NULL, 100),
(188, 13, 1, 0, 0, NULL, NULL, 100),
(188, 2, 1, 1, 1, NULL, NULL, 13),
(189, 9, 1, 1, 0, NULL, NULL, 100),
(189, 3, 0, 4, 1, NULL, NULL, 100),
(189, 10, 1, 5, 0, NULL, NULL, 100),
(189, 13, 0, 0, 0, NULL, NULL, 100),
(189, 2, 0, 1, 0, NULL, NULL, 13),
(189, 12, 8, 27, 2, NULL, NULL, 77),
(189, 11, 2, 1, 0, NULL, NULL, 100),
(189, 7, 13, 22, 1, NULL, NULL, 64),
(189, 8, 2, 4, 0, NULL, NULL, 100),
(189, 6, 2, 4, 0, NULL, NULL, 91),
(189, 5, 3, 13, 1, NULL, NULL, 100),
(189, 4, 1, 3, 0, 783, 68, 100),
(189, 1, 0, 0, 0, NULL, NULL, 88),
(190, 13, 1, 0, 0, NULL, NULL, 100),
(190, 4, 1, 3, 0, 649, 43, 100),
(190, 12, 7, 27, 2, NULL, NULL, 77),
(190, 7, 5, 25, 0, NULL, NULL, 64),
(190, 3, 1, 4, 0, NULL, NULL, 100),
(190, 6, 1, 3, 1, NULL, NULL, 91),
(190, 11, 2, 2, 0, NULL, NULL, 100),
(190, 10, 2, 5, 0, NULL, NULL, 100),
(190, 5, 3, 14, 0, NULL, NULL, 100),
(190, 8, 3, 4, 0, NULL, NULL, 100),
(190, 1, 0, 0, 0, NULL, NULL, 88),
(190, 2, 1, 1, 0, NULL, NULL, 13),
(190, 9, 1, 1, 0, NULL, NULL, 100),
(191, 9, 0, 1, 0, NULL, NULL, 100),
(191, 11, 0, 3, 0, NULL, NULL, 100),
(191, 8, 6, 5, 0, NULL, NULL, 100),
(191, 6, 2, 2, 0, NULL, NULL, 91),
(191, 12, 18, 30, 1, NULL, NULL, 77),
(191, 5, 5, 13, 0, NULL, NULL, 100),
(191, 1, 0, 0, 0, NULL, NULL, 88),
(191, 7, 22, 28, 2, NULL, NULL, 64),
(191, 4, 0, 3, 0, 613, 53, 100),
(191, 13, 0, 0, 0, NULL, NULL, 100),
(191, 10, 2, 5, 0, NULL, NULL, 100),
(191, 2, 0, 1, 2, NULL, NULL, 13),
(191, 3, 3, 4, 0, NULL, NULL, 100),
(192, 12, 7, 28, 0, NULL, NULL, 77),
(192, 13, 0, 0, 0, NULL, NULL, 100),
(192, 3, 4, 5, 0, NULL, NULL, 100),
(192, 11, 1, 3, 0, NULL, NULL, 100),
(192, 7, 9, 30, 0, NULL, NULL, 64),
(192, 5, 5, 14, 0, NULL, NULL, 100),
(192, 6, 2, 2, 0, NULL, NULL, 91),
(192, 8, 2, 5, 0, NULL, NULL, 100),
(192, 9, 1, 2, 0, NULL, NULL, 100),
(192, 2, 0, 1, 1, NULL, NULL, 13),
(192, 4, 1, 3, 0, 661, 56, 100),
(192, 10, 4, 6, 0, NULL, NULL, 100),
(192, 1, 0, 0, 0, NULL, NULL, 88),
(193, 7, 19, 31, 0, NULL, NULL, 64),
(193, 3, 2, 5, 0, NULL, NULL, 100),
(193, 5, 2, 14, 0, NULL, NULL, 100),
(193, 9, 0, 2, 0, NULL, NULL, 100),
(193, 8, 4, 5, 0, NULL, NULL, 100),
(193, 12, 3, 29, 1, NULL, NULL, 77),
(193, 10, 0, 6, 0, NULL, NULL, 100),
(193, 4, 0, 3, 0, 503, 41, 100),
(193, 11, 1, 2, 0, NULL, NULL, 100),
(193, 13, 0, 0, 0, NULL, NULL, 100),
(193, 6, 1, 3, 0, NULL, NULL, 91),
(193, 1, 0, 0, 0, NULL, NULL, 88),
(193, 2, 4, 1, 0, NULL, NULL, 13),
(194, 1, 0, 0, 0, NULL, NULL, 88),
(194, 11, 1, 2, 0, NULL, NULL, 100),
(194, 12, 4, 32, 1, NULL, NULL, 77),
(194, 4, 0, 3, 0, 241, 27, 100),
(194, 8, 1, 6, 0, NULL, NULL, 100),
(194, 5, 0, 14, 0, NULL, NULL, 100),
(194, 2, 0, 1, 0, NULL, NULL, 13),
(194, 10, 0, 6, 0, NULL, NULL, 100),
(194, 7, 5, 31, 0, NULL, NULL, 64),
(194, 3, 1, 5, 0, NULL, NULL, 100),
(194, 9, 1, 3, 0, NULL, NULL, 100),
(194, 13, 0, 0, 0, NULL, NULL, 100),
(194, 6, 0, 3, 0, NULL, NULL, 91),
(195, 6, 1, 4, 0, NULL, NULL, 91),
(195, 12, 12, 32, 2, NULL, NULL, 77),
(195, 10, 3, 4, 0, NULL, NULL, 100),
(195, 8, 7, 5, 1, NULL, NULL, 100),
(195, 4, 1, 3, 0, 619, 81, 100),
(195, 2, 0, 1, 0, NULL, NULL, 13),
(195, 9, 0, 3, 0, NULL, NULL, 100),
(195, 3, 6, 6, 0, NULL, NULL, 100),
(195, 1, 0, 0, 0, NULL, NULL, 88),
(195, 7, 10, 34, 2, NULL, NULL, 64),
(195, 13, 0, 0, 0, NULL, NULL, 100),
(195, 5, 7, 14, 1, NULL, NULL, 100),
(195, 11, 0, 2, 0, NULL, NULL, 100),
(196, 10, 1, 3, 0, NULL, NULL, 100),
(196, 4, 0, 4, 0, 698, 59, 100),
(196, 12, 5, 29, 2, NULL, NULL, 77),
(196, 8, 1, 4, 0, NULL, NULL, 100),
(196, 7, 36, 48, 0, NULL, NULL, 64),
(196, 5, 5, 16, 1, NULL, NULL, 100),
(196, 11, 1, 1, 0, NULL, NULL, 100),
(196, 9, 3, 4, 0, NULL, NULL, 100),
(196, 13, 1, 0, 0, NULL, NULL, 100),
(196, 1, 0, 0, 0, NULL, NULL, 88),
(196, 3, 2, 7, 0, NULL, NULL, 100),
(196, 2, 0, 1, 0, NULL, NULL, 13),
(196, 6, 2, 4, 0, NULL, NULL, 91),
(197, 13, 0, 0, 0, NULL, NULL, 100),
(197, 4, 0, 4, 0, 650, 64, 100),
(197, 11, 0, 1, 1, NULL, NULL, 100),
(197, 9, 1, 4, 0, NULL, NULL, 100),
(197, 1, 1, 0, 0, NULL, NULL, 88),
(197, 7, 19, 49, 2, NULL, NULL, 64),
(197, 3, 0, 7, 0, NULL, NULL, 100),
(197, 12, 9, 33, 0, NULL, NULL, 77),
(197, 5, 11, 18, 1, NULL, NULL, 100),
(197, 2, 0, 1, 0, NULL, NULL, 13),
(197, 10, 3, 3, 0, NULL, NULL, 100),
(197, 6, 1, 4, 0, NULL, NULL, 91),
(197, 8, 11, 6, 1, NULL, NULL, 100),
(198, 6, 4, 4, 0, NULL, NULL, 91),
(198, 1, 2, 0, 0, NULL, NULL, 88),
(198, 4, 1, 4, 0, 626, 63, 100),
(198, 13, 0, 0, 0, NULL, NULL, 100),
(198, 10, 2, 3, 0, NULL, NULL, 100),
(198, 3, 2, 6, 0, NULL, NULL, 100),
(198, 9, 0, 4, 0, NULL, NULL, 100),
(198, 5, 11, 18, 2, NULL, NULL, 100),
(198, 7, 14, 48, 0, NULL, NULL, 64),
(198, 2, 0, 1, 1, NULL, NULL, 13),
(198, 11, 1, 1, 0, NULL, NULL, 100),
(198, 12, 7, 31, 0, NULL, NULL, 77),
(198, 8, 5, 6, 0, NULL, NULL, 100),
(199, 1, 2, 1, 0, NULL, NULL, 88),
(199, 6, 2, 4, 0, NULL, NULL, 91),
(199, 5, 4, 19, 0, NULL, NULL, 100),
(199, 8, 5, 8, 0, NULL, NULL, 100),
(199, 4, 0, 4, 0, 721, 48, 100),
(199, 3, 0, 6, 0, NULL, NULL, 100),
(199, 9, 0, 4, 0, NULL, NULL, 100),
(199, 13, 1, 0, 0, NULL, NULL, 100),
(199, 7, 12, 48, 2, NULL, NULL, 64),
(199, 11, 1, 2, 0, NULL, NULL, 100),
(199, 2, 2, 1, 0, NULL, NULL, 13),
(199, 10, 0, 2, 0, NULL, NULL, 100),
(199, 12, 16, 28, 2, NULL, NULL, 77),
(200, 6, 0, 5, 0, NULL, NULL, 91),
(200, 12, 6, 31, 1, NULL, NULL, 77),
(200, 8, 1, 7, 0, NULL, NULL, 100),
(200, 5, 7, 20, 0, NULL, NULL, 100),
(200, 9, 0, 3, 0, NULL, NULL, 100),
(200, 1, 0, 1, 0, NULL, NULL, 88),
(200, 7, 23, 50, 1, NULL, NULL, 64),
(200, 4, 2, 3, 0, 532, 49, 100),
(200, 13, 0, 0, 0, NULL, NULL, 100),
(200, 2, 2, 1, 0, NULL, NULL, 13),
(200, 10, 1, 2, 0, NULL, NULL, 100),
(200, 11, 0, 2, 0, NULL, NULL, 100),
(200, 3, 3, 7, 0, NULL, NULL, 100),
(201, 13, 0, 0, 0, NULL, NULL, 100),
(201, 2, 0, 1, 0, NULL, NULL, 13),
(201, 9, 1, 4, 0, NULL, NULL, 100),
(201, 4, 2, 4, 1, 418, 32, 100),
(201, 7, 18, 52, 1, NULL, NULL, 64),
(201, 12, 6, 32, 0, NULL, NULL, 77),
(201, 8, 1, 7, 0, NULL, NULL, 100),
(201, 3, 1, 7, 0, NULL, NULL, 100),
(201, 6, 1, 5, 0, NULL, NULL, 91),
(201, 10, 0, 2, 1, NULL, NULL, 100),
(201, 11, 2, 2, 0, NULL, NULL, 100),
(201, 5, 4, 18, 0, NULL, NULL, 100),
(201, 1, 0, 1, 0, NULL, NULL, 88),
(202, 2, 0, 1, 0, NULL, NULL, 13),
(202, 10, 3, 2, 0, NULL, NULL, 100),
(202, 4, 0, 4, 0, 710, 70, 100),
(202, 1, 0, 1, 0, NULL, NULL, 88),
(202, 8, 1, 8, 0, NULL, NULL, 100),
(202, 7, 19, 46, 5, NULL, NULL, 64),
(202, 11, 0, 2, 1, NULL, NULL, 100),
(202, 5, 10, 21, 1, NULL, NULL, 100),
(202, 6, 1, 5, 0, NULL, NULL, 91),
(202, 12, 14, 35, 1, NULL, NULL, 77),
(202, 3, 2, 8, 0, NULL, NULL, 100),
(202, 9, 1, 4, 0, NULL, NULL, 100),
(202, 13, 1, 0, 0, NULL, NULL, 100),
(203, 13, 1, 0, 0, NULL, NULL, 100),
(203, 10, 3, 3, 0, NULL, NULL, 100),
(203, 8, 4, 9, 0, NULL, NULL, 100),
(203, 2, 1, 1, 0, NULL, NULL, 13),
(203, 9, 2, 4, 0, NULL, NULL, 100),
(203, 5, 4, 22, 0, NULL, NULL, 100),
(203, 11, 1, 3, 0, NULL, NULL, 100),
(203, 6, 0, 3, 0, NULL, NULL, 91),
(203, 7, 19, 42, 1, NULL, NULL, 64),
(203, 4, 4, 4, 0, 829, 65, 100),
(203, 12, 15, 37, 0, NULL, NULL, 77),
(203, 1, 0, 1, 0, NULL, NULL, 88),
(203, 3, 4, 7, 1, NULL, NULL, 100),
(204, 8, 3, 11, 0, NULL, NULL, 100),
(204, 12, 9, 38, 0, NULL, NULL, 77),
(204, 4, 0, 4, 0, 789, 80, 100),
(204, 13, 0, 0, 0, NULL, NULL, 100),
(204, 6, 2, 3, 0, NULL, NULL, 91),
(204, 2, 2, 1, 0, NULL, NULL, 13),
(204, 10, 2, 3, 0, NULL, NULL, 100),
(204, 9, 0, 4, 0, NULL, NULL, 100),
(204, 5, 4, 23, 0, NULL, NULL, 100),
(204, 1, 0, 1, 0, NULL, NULL, 88),
(204, 3, 4, 7, 0, NULL, NULL, 100),
(204, 7, 12, 33, 3, NULL, NULL, 64),
(204, 11, 0, 2, 0, NULL, NULL, 100),
(205, 9, 0, 4, 0, NULL, NULL, 100),
(205, 10, 6, 4, 0, NULL, NULL, 100),
(205, 3, 2, 8, 1, NULL, NULL, 100),
(205, 4, 0, 4, 0, 711, 77, 100),
(205, 6, 4, 4, 0, NULL, NULL, 91),
(205, 11, 2, 2, 0, NULL, NULL, 100),
(205, 12, 36, 40, 1, NULL, NULL, 77),
(205, 7, 8, 37, 1, NULL, NULL, 64),
(205, 13, 0, 0, 0, NULL, NULL, 100),
(205, 2, 1, 1, 0, NULL, NULL, 13),
(205, 8, 7, 10, 1, NULL, NULL, 100),
(205, 1, 0, 1, 0, NULL, NULL, 88),
(205, 5, 6, 21, 0, NULL, NULL, 100),
(206, 3, 5, 8, 0, NULL, NULL, 100),
(206, 8, 2, 9, 0, NULL, NULL, 100),
(206, 6, 1, 3, 0, NULL, NULL, 91),
(206, 1, 0, 1, 0, NULL, NULL, 88),
(206, 12, 25, 47, 1, NULL, NULL, 77),
(206, 9, 1, 4, 0, NULL, NULL, 100),
(206, 5, 9, 21, 2, NULL, NULL, 100),
(206, 7, 10, 40, 0, NULL, NULL, 64),
(206, 11, 3, 3, 0, NULL, NULL, 100),
(206, 2, 2, 1, 0, NULL, NULL, 13),
(206, 10, 5, 6, 0, NULL, NULL, 100),
(206, 13, 1, 0, 0, NULL, NULL, 100),
(206, 4, 3, 6, 0, 848, 62, 100),
(207, 8, 6, 10, 0, NULL, NULL, 100),
(207, 7, 29, 35, 1, NULL, NULL, 64),
(207, 13, 5, 0, 1, NULL, NULL, 100),
(207, 6, 3, 3, 0, NULL, NULL, 91),
(207, 4, 0, 5, 0, 694, 54, 100),
(207, 3, 1, 8, 0, NULL, NULL, 100),
(207, 2, 1, 1, 0, NULL, NULL, 13),
(207, 12, 12, 49, 0, NULL, NULL, 77),
(207, 5, 9, 24, 0, NULL, NULL, 100),
(207, 9, 2, 4, 0, NULL, NULL, 100),
(207, 10, 0, 6, 0, NULL, NULL, 100),
(207, 1, 0, 1, 0, NULL, NULL, 88),
(207, 11, 1, 4, 0, NULL, NULL, 100),
(208, 5, 5, 25, 2, NULL, NULL, 100),
(208, 2, 2, 1, 0, NULL, NULL, 13),
(208, 11, 0, 4, 0, NULL, NULL, 100),
(208, 9, 0, 4, 0, NULL, NULL, 100),
(208, 3, 0, 8, 0, NULL, NULL, 100),
(208, 12, 5, 48, 0, NULL, NULL, 77),
(208, 7, 10, 34, 0, NULL, NULL, 64),
(208, 4, 0, 5, 0, 503, 46, 100),
(208, 6, 2, 2, 2, NULL, NULL, 91),
(208, 13, 5, 0, 2, NULL, NULL, 100),
(208, 1, 0, 1, 0, NULL, NULL, 88),
(208, 10, 1, 6, 0, NULL, NULL, 100),
(208, 8, 4, 8, 1, NULL, NULL, 100),
(209, 4, 4, 5, 0, 976, 96, 100),
(209, 11, 2, 4, 0, NULL, NULL, 100),
(209, 6, 3, 2, 0, NULL, NULL, 91),
(209, 2, 1, 2, 0, NULL, NULL, 13),
(209, 9, 1, 3, 0, NULL, NULL, 100),
(209, 10, 5, 5, 0, NULL, NULL, 100),
(209, 8, 8, 8, 1, NULL, NULL, 100),
(209, 3, 5, 8, 0, NULL, NULL, 100),
(209, 5, 5, 26, 0, NULL, NULL, 100),
(209, 7, 9, 37, 1, NULL, NULL, 64),
(209, 12, 24, 51, 2, NULL, NULL, 77),
(209, 1, 1, 1, 0, NULL, NULL, 88),
(209, 13, 1, 0, 1, NULL, NULL, 100),
(210, 11, 2, 4, 1, NULL, NULL, 100),
(210, 1, 0, 1, 0, NULL, NULL, 88),
(210, 8, 7, 6, 0, NULL, NULL, 100),
(210, 9, 0, 3, 0, NULL, NULL, 100),
(210, 7, 29, 44, 1, NULL, NULL, 64),
(210, 4, 3, 5, 0, 1168, 87, 100),
(210, 12, 22, 50, 3, NULL, NULL, 77),
(210, 13, 2, 0, 1, NULL, NULL, 100),
(210, 5, 10, 27, 2, NULL, NULL, 100),
(210, 10, 1, 6, 0, NULL, NULL, 100),
(210, 6, 3, 2, 0, NULL, NULL, 91),
(210, 2, 5, 2, 2, NULL, NULL, 13),
(210, 3, 4, 9, 1, NULL, NULL, 100),
(211, 9, 3, 3, 0, NULL, NULL, 100),
(211, 4, 1, 6, 0, 1133, 104, 100),
(211, 7, 22, 50, 1, NULL, NULL, 64),
(211, 12, 24, 47, 5, NULL, NULL, 77),
(211, 2, 4, 2, 0, NULL, NULL, 13),
(211, 13, 1, 0, 0, NULL, NULL, 100),
(211, 10, 9, 7, 1, NULL, NULL, 100),
(211, 6, 5, 3, 1, NULL, NULL, 91),
(211, 1, 0, 1, 0, NULL, NULL, 88),
(211, 8, 8, 7, 0, NULL, NULL, 100),
(211, 5, 12, 25, 2, NULL, NULL, 100),
(211, 11, 2, 5, 1, NULL, NULL, 100),
(211, 3, 2, 8, 0, NULL, NULL, 100),
(212, 8, 8, 12, 1, NULL, NULL, 100),
(212, 11, 3, 5, 0, NULL, NULL, 100),
(212, 12, 10, 42, 2, NULL, NULL, 77),
(212, 9, 0, 2, 0, NULL, NULL, 100),
(212, 13, 2, 0, 0, NULL, NULL, 100),
(212, 10, 4, 8, 0, NULL, NULL, 100),
(212, 4, 0, 6, 0, 1207, 88, 100),
(212, 1, 1, 2, 0, NULL, NULL, 88),
(212, 7, 23, 44, 2, NULL, NULL, 64),
(212, 6, 2, 3, 1, NULL, NULL, 91),
(212, 3, 9, 9, 2, NULL, NULL, 100),
(212, 5, 9, 23, 1, NULL, NULL, 100),
(212, 2, 1, 2, 0, NULL, NULL, 13),
(213, 3, 4, 9, 0, NULL, NULL, 100),
(213, 13, 0, 0, 0, NULL, NULL, 100),
(213, 7, 24, 42, 2, NULL, NULL, 64),
(213, 11, 3, 4, 0, NULL, NULL, 100),
(213, 9, 0, 2, 0, NULL, NULL, 100),
(213, 4, 2, 7, 0, 1225, 122, 100),
(213, 10, 6, 10, 1, NULL, NULL, 100),
(213, 8, 7, 12, 1, NULL, NULL, 100),
(213, 5, 25, 30, 1, NULL, NULL, 100),
(213, 6, 6, 3, 1, NULL, NULL, 91),
(213, 12, 32, 47, 7, NULL, NULL, 77),
(213, 1, 1, 2, 0, NULL, NULL, 88),
(213, 2, 0, 2, 0, NULL, NULL, 13),
(214, 7, 28, 47, 1, NULL, NULL, 64),
(214, 2, 0, 2, 0, NULL, NULL, 13),
(214, 6, 3, 3, 3, NULL, NULL, 91),
(214, 12, 8, 50, 4, NULL, NULL, 77),
(214, 9, 0, 2, 0, NULL, NULL, 100),
(214, 10, 1, 10, 0, NULL, NULL, 100),
(214, 3, 9, 8, 0, NULL, NULL, 100),
(214, 1, 0, 2, 0, NULL, NULL, 88),
(214, 11, 2, 4, 0, NULL, NULL, 100),
(214, 4, 2, 8, 0, 986, 90, 100),
(214, 5, 6, 29, 2, NULL, NULL, 100),
(214, 13, 4, 0, 0, NULL, NULL, 100),
(214, 8, 5, 12, 0, NULL, NULL, 100),
(215, 11, 3, 4, 0, NULL, NULL, 100),
(215, 4, 1, 8, 2, 835, 85, 100),
(215, 1, 0, 2, 0, NULL, NULL, 88),
(215, 3, 16, 10, 1, NULL, NULL, 100),
(215, 12, 14, 54, 2, NULL, NULL, 77),
(215, 8, 4, 12, 1, NULL, NULL, 100),
(215, 2, 0, 2, 2, NULL, NULL, 13),
(215, 9, 9, 3, 0, NULL, NULL, 100),
(215, 6, 2, 3, 1, NULL, NULL, 91),
(215, 10, 6, 11, 0, NULL, NULL, 100),
(215, 7, 26, 50, 1, NULL, NULL, 64),
(215, 13, 2, 0, 0, NULL, NULL, 100),
(215, 5, 7, 28, 3, NULL, NULL, 100),
(216, 1, 1, 2, 0, NULL, NULL, 88),
(216, 2, 0, 2, 0, NULL, NULL, 13),
(216, 10, 1, 10, 2, NULL, NULL, 100),
(216, 9, 2, 5, 0, NULL, NULL, 100),
(216, 13, 1, 0, 1, NULL, NULL, 100),
(216, 5, 13, 29, 2, NULL, NULL, 100),
(216, 7, 34, 59, 2, NULL, NULL, 64),
(216, 3, 6, 11, 1, NULL, NULL, 100),
(216, 8, 3, 12, 0, NULL, NULL, 100),
(216, 4, 2, 8, 0, 1424, 146, 100),
(216, 12, 30, 54, 5, NULL, NULL, 77),
(216, 11, 6, 4, 0, NULL, NULL, 100),
(216, 6, 4, 3, 0, NULL, NULL, 91),
(217, 8, 4, 12, 2, NULL, NULL, 100),
(217, 10, 7, 9, 1, NULL, NULL, 100),
(217, 5, 16, 31, 3, NULL, NULL, 100),
(217, 2, 3, 3, 0, NULL, NULL, 13),
(217, 13, 2, 0, 1, NULL, NULL, 100),
(217, 9, 1, 6, 0, NULL, NULL, 100),
(217, 3, 7, 12, 1, NULL, NULL, 100),
(217, 1, 1, 2, 0, NULL, NULL, 88),
(217, 6, 0, 2, 0, NULL, NULL, 91),
(217, 4, 0, 8, 0, 1943, 163, 100),
(217, 11, 6, 4, 0, NULL, NULL, 100),
(217, 12, 32, 56, 5, NULL, NULL, 77),
(217, 7, 18, 56, 1, NULL, NULL, 64),
(218, 4, 4, 7, 0, 1754, 166, 100),
(218, 1, 0, 2, 0, NULL, NULL, 88),
(218, 13, 2, 0, 0, NULL, NULL, 100),
(218, 5, 31, 33, 3, NULL, NULL, 100),
(218, 8, 3, 13, 0, NULL, NULL, 100),
(218, 3, 12, 15, 1, NULL, NULL, 100),
(218, 9, 1, 5, 1, NULL, NULL, 100),
(218, 12, 34, 62, 4, NULL, NULL, 77),
(218, 11, 5, 4, 2, NULL, NULL, 100),
(218, 6, 4, 4, 0, NULL, NULL, 91),
(218, 7, 30, 60, 0, NULL, NULL, 64),
(218, 10, 10, 13, 2, NULL, NULL, 100),
(218, 2, 0, 3, 0, NULL, NULL, 13),
(219, 12, 29, 54, 6, NULL, NULL, 77),
(219, 2, 3, 3, 0, NULL, NULL, 13),
(219, 4, 2, 6, 0, 1998, 165, 100),
(219, 10, 4, 10, 2, NULL, NULL, 100),
(219, 11, 2, 5, 1, NULL, NULL, 100),
(219, 13, 3, 0, 0, NULL, NULL, 100),
(219, 6, 8, 4, 1, NULL, NULL, 91),
(219, 5, 14, 37, 4, NULL, NULL, 100),
(219, 9, 4, 7, 0, NULL, NULL, 100),
(219, 7, 40, 53, 4, NULL, NULL, 64),
(219, 1, 3, 3, 0, NULL, NULL, 88),
(219, 3, 7, 16, 2, NULL, NULL, 100),
(219, 8, 9, 13, 1, NULL, NULL, 100),
(220, 10, 14, 12, 3, NULL, NULL, 100),
(220, 8, 7, 14, 1, NULL, NULL, 100),
(220, 12, 24, 62, 2, NULL, NULL, 77),
(220, 5, 21, 36, 0, NULL, NULL, 100),
(220, 3, 10, 14, 0, NULL, NULL, 100),
(220, 13, 3, 0, 0, NULL, NULL, 100),
(220, 7, 26, 56, 0, NULL, NULL, 64),
(220, 4, 2, 6, 0, 2091, 184, 100),
(220, 1, 0, 3, 0, NULL, NULL, 88),
(220, 9, 7, 6, 1, NULL, NULL, 100),
(220, 11, 7, 3, 0, NULL, NULL, 100),
(220, 6, 7, 4, 0, NULL, NULL, 91),
(220, 2, 2, 3, 1, NULL, NULL, 13),
(221, 10, 6, 12, 1, NULL, NULL, 100),
(221, 4, 1, 6, 0, 1667, 138, 100),
(221, 11, 5, 2, 0, NULL, NULL, 100),
(221, 9, 4, 6, 0, NULL, NULL, 100),
(221, 13, 3, 1, 1, NULL, NULL, 100),
(221, 6, 2, 5, 0, NULL, NULL, 91),
(221, 1, 1, 4, 0, NULL, NULL, 88),
(221, 7, 37, 61, 3, NULL, NULL, 64),
(221, 8, 4, 14, 1, NULL, NULL, 100),
(221, 12, 29, 64, 4, NULL, NULL, 77),
(221, 3, 2, 15, 0, NULL, NULL, 100),
(221, 2, 1, 3, 0, NULL, NULL, 13),
(221, 5, 17, 43, 1, NULL, NULL, 100),
(222, 1, 2, 3, 0, NULL, NULL, 88),
(222, 13, 1, 1, 0, NULL, NULL, 100),
(222, 4, 0, 6, 0, 1298, 116, 100),
(222, 2, 1, 3, 0, NULL, NULL, 13),
(222, 5, 27, 45, 0, NULL, NULL, 100),
(222, 6, 20, 5, 0, NULL, NULL, 91),
(222, 8, 2, 13, 1, NULL, NULL, 100),
(222, 10, 8, 14, 0, NULL, NULL, 100),
(222, 3, 7, 16, 2, NULL, NULL, 100),
(222, 9, 17, 6, 0, NULL, NULL, 100),
(222, 12, 17, 67, 4, NULL, NULL, 77),
(222, 11, 12, 4, 1, NULL, NULL, 100),
(222, 7, 18, 65, 0, NULL, NULL, 64),
(223, 8, 6, 15, 0, NULL, NULL, 100),
(223, 3, 7, 16, 2, NULL, NULL, 100),
(223, 4, 0, 6, 2, 2314, 258, 100),
(223, 10, 5, 13, 2, NULL, NULL, 100),
(223, 1, 1, 3, 0, NULL, NULL, 88),
(223, 6, 12, 5, 2, NULL, NULL, 91),
(223, 13, 0, 1, 1, NULL, NULL, 100),
(223, 9, 0, 5, 1, NULL, NULL, 100),
(223, 12, 40, 65, 10, NULL, NULL, 77),
(223, 11, 7, 4, 1, NULL, NULL, 100),
(223, 2, 1, 3, 0, NULL, NULL, 13),
(223, 7, 30, 67, 4, NULL, NULL, 64),
(223, 5, 21, 44, 2, NULL, NULL, 100),
(224, 7, 54, 64, 1, NULL, NULL, 64),
(224, 6, 6, 6, 0, NULL, NULL, 91),
(224, 5, 31, 47, 1, NULL, NULL, 100),
(224, 2, 1, 3, 0, NULL, NULL, 13),
(224, 12, 60, 74, 8, NULL, NULL, 77),
(224, 11, 8, 3, 1, NULL, NULL, 100),
(224, 10, 13, 16, 1, NULL, NULL, 100),
(224, 8, 23, 18, 2, NULL, NULL, 100),
(224, 9, 5, 7, 1, NULL, NULL, 100),
(224, 3, 9, 18, 0, NULL, NULL, 100),
(224, 1, 2, 4, 0, NULL, NULL, 88),
(224, 13, 8, 1, 3, NULL, NULL, 100),
(224, 4, 2, 5, 0, 2988, 292, 100),
(225, 11, 8, 3, 6, NULL, NULL, 100),
(225, 12, 37, 81, 5, NULL, NULL, 77),
(225, 10, 13, 16, 7, NULL, NULL, 100),
(225, 2, 0, 3, 0, NULL, NULL, 13),
(225, 6, 9, 6, 2, NULL, NULL, 91),
(225, 9, 3, 7, 1, NULL, NULL, 100),
(225, 1, 0, 4, 0, NULL, NULL, 88),
(225, 3, 18, 15, 2, NULL, NULL, 100),
(225, 8, 9, 19, 3, NULL, NULL, 100),
(225, 13, 7, 3, 1, NULL, NULL, 100),
(225, 7, 48, 67, 1, NULL, NULL, 64),
(225, 5, 26, 54, 2, NULL, NULL, 100),
(225, 4, 1, 6, 0, 2821, 244, 100),
(226, 4, 2, 5, 0, 2607, 250, 100),
(226, 10, 17, 18, 0, NULL, NULL, 100),
(226, 12, 82, 89, 8, NULL, NULL, 77),
(226, 9, 10, 8, 1, NULL, NULL, 100),
(226, 6, 7, 5, 5, NULL, NULL, 91),
(226, 3, 13, 13, 1, NULL, NULL, 100),
(226, 7, 37, 75, 3, NULL, NULL, 64),
(226, 2, 1, 3, 1, NULL, NULL, 13),
(226, 1, 4, 3, 0, NULL, NULL, 88),
(226, 5, 18, 52, 4, NULL, NULL, 100),
(226, 11, 10, 3, 1, NULL, NULL, 100),
(226, 13, 7, 3, 0, NULL, NULL, 100),
(226, 8, 10, 18, 1, NULL, NULL, 100),
(227, 8, 8, 18, 1, NULL, NULL, 100),
(227, 10, 17, 19, 3, NULL, NULL, 100),
(227, 1, 3, 3, 0, NULL, NULL, 88),
(227, 2, 1, 4, 0, NULL, NULL, 13),
(227, 13, 1, 3, 1, NULL, NULL, 100),
(227, 4, 6, 6, 0, 2563, 256, 100),
(227, 5, 12, 49, 4, NULL, NULL, 100),
(227, 11, 9, 3, 1, NULL, NULL, 100),
(227, 12, 51, 91, 8, NULL, NULL, 77),
(227, 7, 36, 73, 5, NULL, NULL, 64),
(227, 9, 8, 8, 2, NULL, NULL, 100),
(227, 3, 6, 15, 2, NULL, NULL, 100),
(227, 6, 11, 7, 0, NULL, NULL, 91),
(228, 1, 6, 3, 1, NULL, NULL, 88),
(228, 3, 10, 15, 0, NULL, NULL, 100),
(228, 7, 31, 76, 5, NULL, NULL, 64),
(228, 2, 2, 4, 0, NULL, NULL, 13),
(228, 10, 9, 19, 4, NULL, NULL, 100),
(228, 9, 16, 8, 0, NULL, NULL, 100),
(228, 5, 30, 55, 1, NULL, NULL, 100),
(228, 13, 15, 4, 0, NULL, NULL, 100),
(228, 11, 4, 4, 0, NULL, NULL, 100),
(228, 4, 3, 6, 0, 2274, 224, 100),
(228, 6, 15, 8, 2, NULL, NULL, 91),
(228, 8, 5, 18, 2, NULL, NULL, 100),
(228, 12, 32, 76, 6, NULL, NULL, 77),
(229, 12, 18, 79, 3, NULL, NULL, 77),
(229, 6, 7, 9, 1, NULL, NULL, 91),
(229, 7, 29, 80, 0, NULL, NULL, 64),
(229, 3, 10, 16, 0, NULL, NULL, 100),
(229, 10, 6, 21, 1, NULL, NULL, 100),
(229, 5, 24, 65, 1, NULL, NULL, 100),
(229, 4, 2, 7, 1, 1883, 231, 100),
(229, 2, 0, 4, 0, NULL, NULL, 13),
(229, 11, 9, 6, 0, NULL, NULL, 100);
INSERT INTO `donnees` (`id_jour`, `id_dpt`, `nbhosp`, `nbintens`, `nbdeces`, `nbhospfr`, `nbdecesfr`, `reacapacite`) VALUES
(229, 9, 7, 9, 2, NULL, NULL, 100),
(229, 1, 6, 3, 1, NULL, NULL, 88),
(229, 8, 2, 19, 2, NULL, NULL, 100),
(229, 13, 6, 4, 0, NULL, NULL, 100),
(230, 12, 34, 82, 3, NULL, NULL, 77),
(230, 11, 6, 5, 0, NULL, NULL, 100),
(230, 2, 6, 4, 1, NULL, NULL, 13),
(230, 10, 5, 20, 6, NULL, NULL, 100),
(230, 5, 29, 59, 4, NULL, NULL, 100),
(230, 9, 4, 11, 1, NULL, NULL, 100),
(230, 6, 8, 7, 3, NULL, NULL, 91),
(230, 3, 9, 18, 2, NULL, NULL, 100),
(230, 7, 30, 83, 5, NULL, NULL, 64),
(230, 1, 2, 5, 0, NULL, NULL, 88),
(230, 4, 5, 7, 1, 2547, 418, 100),
(230, 13, 3, 4, 0, NULL, NULL, 100),
(230, 8, 17, 21, 1, NULL, NULL, 100),
(231, 10, 14, 21, 2, NULL, NULL, 100),
(231, 2, 3, 3, 2, NULL, NULL, 13),
(231, 5, 15, 56, 7, NULL, NULL, 100),
(231, 13, 6, 4, 3, NULL, NULL, 100),
(231, 3, 8, 19, 2, NULL, NULL, 100),
(231, 7, 54, 86, 3, NULL, NULL, 64),
(231, 4, 4, 7, 0, 3311, 430, 100),
(231, 9, 15, 12, 0, NULL, NULL, 100),
(231, 12, 57, 87, 6, NULL, NULL, 77),
(231, 8, 16, 23, 3, NULL, NULL, 100),
(231, 1, 1, 6, 0, NULL, NULL, 88),
(231, 6, 13, 7, 2, NULL, NULL, 91),
(231, 11, 6, 5, 0, NULL, NULL, 100),
(232, 9, 18, 13, 0, NULL, NULL, 100),
(232, 4, 4, 7, 0, 3681, 394, 100),
(232, 7, 57, 90, 7, NULL, NULL, 64),
(232, 8, 17, 23, 1, NULL, NULL, 100),
(232, 12, 43, 85, 3, NULL, NULL, 77),
(232, 3, 22, 21, 2, NULL, NULL, 100),
(232, 1, 2, 6, 0, NULL, NULL, 88),
(232, 6, 10, 8, 0, NULL, NULL, 91),
(232, 13, 7, 4, 3, NULL, NULL, 100),
(232, 11, 19, 8, 2, NULL, NULL, 100),
(232, 5, 101, 76, 6, NULL, NULL, 100),
(232, 10, 6, 22, 0, NULL, NULL, 100),
(232, 2, 6, 3, 1, NULL, NULL, 13),
(233, 7, 42, 96, 7, NULL, NULL, 64),
(233, 10, 9, 25, 1, NULL, NULL, 100),
(233, 9, 9, 12, 1, NULL, NULL, 100),
(233, 4, 9, 7, 0, 2989, 367, 100),
(233, 1, 2, 7, 1, NULL, NULL, 88),
(233, 5, 53, 81, 3, NULL, NULL, 100),
(233, 12, 54, 83, 6, NULL, NULL, 77),
(233, 8, 10, 21, 6, NULL, NULL, 100),
(233, 13, 3, 5, 0, NULL, NULL, 100),
(233, 2, 7, 4, 0, NULL, NULL, 13),
(233, 11, 12, 9, 5, NULL, NULL, 100),
(233, 6, 17, 9, 2, NULL, NULL, 91),
(233, 3, 10, 21, 2, NULL, NULL, 100),
(234, 4, 4, 7, 0, 3140, 405, 100),
(234, 1, 1, 6, 1, NULL, NULL, 88),
(234, 7, 59, 93, 4, NULL, NULL, 64),
(234, 11, 12, 9, 1, NULL, NULL, 100),
(234, 5, 29, 80, 6, NULL, NULL, 100),
(234, 2, 3, 4, 3, NULL, NULL, 13),
(234, 8, 9, 19, 1, NULL, NULL, 100),
(234, 6, 9, 12, 1, NULL, NULL, 91),
(234, 10, 8, 22, 4, NULL, NULL, 100),
(234, 13, 5, 5, 1, NULL, NULL, 100),
(234, 3, 7, 21, 4, NULL, NULL, 100),
(234, 12, 66, 85, 4, NULL, NULL, 77),
(234, 9, 9, 13, 4, NULL, NULL, 100),
(235, 2, 4, 5, 0, NULL, NULL, 13),
(235, 13, 5, 5, 0, NULL, NULL, 100),
(235, 6, 7, 11, 2, NULL, NULL, 91),
(235, 5, 18, 77, 6, NULL, NULL, 100),
(235, 1, 2, 4, 0, NULL, NULL, 88),
(235, 4, 0, 7, 0, 2458, 306, 100),
(235, 10, 24, 21, 2, NULL, NULL, 100),
(235, 7, 31, 100, 3, NULL, NULL, 64),
(235, 11, 10, 8, 0, NULL, NULL, 100),
(235, 8, 11, 17, 1, NULL, NULL, 100),
(235, 9, 12, 12, 0, NULL, NULL, 100),
(235, 12, 36, 89, 4, NULL, NULL, 77),
(235, 3, 9, 20, 2, NULL, NULL, 100),
(236, 11, 3, 7, 0, NULL, NULL, 100),
(236, 3, 8, 21, 2, NULL, NULL, 100),
(236, 5, 10, 74, 3, NULL, NULL, 100),
(236, 6, 10, 11, 3, NULL, NULL, 91),
(236, 8, 6, 18, 4, NULL, NULL, 100),
(236, 12, 21, 96, 3, NULL, NULL, 77),
(236, 9, 10, 13, 2, NULL, NULL, 100),
(236, 7, 19, 99, 1, NULL, NULL, 64),
(236, 1, 2, 4, 0, NULL, NULL, 88),
(236, 4, 3, 7, 0, 1814, 271, 100),
(236, 10, 4, 24, 1, NULL, NULL, 100),
(236, 2, 0, 5, 0, NULL, NULL, 13),
(236, 13, 5, 5, 3, NULL, NULL, 100),
(237, 5, 35, 79, 4, NULL, NULL, 100),
(237, 8, 29, 20, 3, NULL, NULL, 100),
(237, 9, 24, 12, 2, NULL, NULL, 100),
(237, 3, 13, 20, 2, NULL, NULL, 100),
(237, 1, 2, 4, 1, NULL, NULL, 88),
(237, 11, 10, 7, 4, NULL, NULL, 100),
(237, 10, 6, 24, 2, NULL, NULL, 100),
(237, 6, 7, 11, 1, NULL, NULL, 91),
(237, 2, 1, 5, 0, NULL, NULL, 13),
(237, 13, 3, 5, 1, NULL, NULL, 100),
(237, 4, 3, 6, 1, 2670, 551, 100),
(237, 7, 39, 95, 5, NULL, NULL, 64),
(237, 12, 37, 94, 10, NULL, NULL, 77),
(238, 11, 8, 8, 1, NULL, NULL, 100),
(238, 13, 4, 7, 0, NULL, NULL, 100),
(238, 1, 1, 3, 0, NULL, NULL, 88),
(238, 3, 5, 18, 3, NULL, NULL, 100),
(238, 10, 13, 21, 1, NULL, NULL, 100),
(238, 7, 29, 94, 3, NULL, NULL, 64),
(238, 4, 4, 6, 0, 3168, 472, 100),
(238, 9, 16, 14, 0, NULL, NULL, 100),
(238, 12, 59, 96, 8, NULL, NULL, 77),
(238, 2, 4, 6, 0, NULL, NULL, 13),
(238, 5, 34, 81, 2, NULL, NULL, 100),
(238, 6, 18, 11, 0, NULL, NULL, 91),
(238, 8, 9, 25, 1, NULL, NULL, 100),
(239, 10, 10, 21, 0, NULL, NULL, 100),
(239, 2, 0, 6, 1, NULL, NULL, 13),
(239, 3, 7, 16, 3, NULL, NULL, 100),
(239, 8, 10, 23, 4, NULL, NULL, 100),
(239, 5, 19, 79, 3, NULL, NULL, 100),
(239, 6, 9, 11, 2, NULL, NULL, 91),
(239, 4, 7, 5, 0, 2588, 329, 100),
(239, 9, 24, 13, 4, NULL, NULL, 100),
(239, 12, 45, 90, 3, NULL, NULL, 77),
(239, 11, 9, 9, 1, NULL, NULL, 100),
(239, 1, 2, 4, 0, NULL, NULL, 88),
(239, 7, 41, 93, 6, NULL, NULL, 64),
(239, 13, 6, 5, 3, NULL, NULL, 100),
(240, 3, 3, 16, 0, NULL, NULL, 100),
(240, 2, 3, 7, 0, NULL, NULL, 13),
(240, 12, 19, 92, 3, NULL, NULL, 77),
(240, 6, 8, 13, 0, NULL, NULL, 91),
(240, 9, 25, 15, 2, NULL, NULL, 100),
(240, 7, 26, 91, 5, NULL, NULL, 64),
(240, 4, 5, 6, 0, 2371, 418, 100),
(240, 8, 14, 26, 0, NULL, NULL, 100),
(240, 5, 31, 83, 2, NULL, NULL, 100),
(240, 11, 11, 9, 0, NULL, NULL, 100),
(240, 10, 3, 24, 2, NULL, NULL, 100),
(240, 1, 4, 4, 0, NULL, NULL, 88),
(240, 13, 2, 5, 0, NULL, NULL, 100),
(241, 7, 44, 104, 9, NULL, NULL, 64),
(241, 10, 9, 22, 1, NULL, NULL, 100),
(241, 6, 7, 10, 2, NULL, NULL, 91),
(241, 9, 12, 13, 1, NULL, NULL, 100),
(241, 13, 2, 6, 1, NULL, NULL, 100),
(241, 12, 59, 92, 8, NULL, NULL, 77),
(241, 1, 4, 4, 2, NULL, NULL, 88),
(241, 11, 5, 9, 3, NULL, NULL, 100),
(241, 2, 8, 7, 1, NULL, NULL, 13),
(241, 4, 3, 7, 0, 2841, 467, 100),
(241, 8, 12, 29, 1, NULL, NULL, 100),
(241, 3, 12, 14, 2, NULL, NULL, 100),
(241, 5, 27, 81, 6, NULL, NULL, 100),
(242, 10, 8, 24, 1, NULL, NULL, 100),
(242, 4, 2, 6, 0, 2202, 359, 100),
(242, 3, 4, 13, 1, NULL, NULL, 100),
(242, 5, 14, 79, 6, NULL, NULL, 100),
(242, 13, 0, 5, 1, NULL, NULL, 100),
(242, 9, 15, 13, 2, NULL, NULL, 100),
(242, 8, 10, 27, 0, NULL, NULL, 100),
(242, 6, 18, 9, 1, NULL, NULL, 91),
(242, 12, 25, 93, 8, NULL, NULL, 77),
(242, 1, 3, 5, 0, NULL, NULL, 88),
(242, 7, 36, 104, 4, NULL, NULL, 64),
(242, 11, 9, 8, 0, NULL, NULL, 100),
(242, 2, 4, 7, 0, NULL, NULL, 13),
(243, 5, 19, 75, 7, NULL, NULL, 100),
(243, 13, 3, 5, 0, NULL, NULL, 100),
(243, 10, 4, 26, 1, NULL, NULL, 100),
(243, 4, 0, 6, 0, 1574, 302, 100),
(243, 6, 1, 10, 2, NULL, NULL, 91),
(243, 12, 20, 93, 8, NULL, NULL, 77),
(243, 7, 14, 102, 6, NULL, NULL, 64),
(243, 1, 3, 6, 1, NULL, NULL, 88),
(243, 2, 2, 7, 0, NULL, NULL, 13),
(243, 11, 11, 10, 0, NULL, NULL, 100),
(243, 3, 6, 14, 1, NULL, NULL, 100),
(243, 8, 12, 29, 5, NULL, NULL, 100),
(243, 9, 8, 15, 1, NULL, NULL, 100),
(244, 4, 2, 4, 2, 2065, 508, 100),
(244, 13, 0, 5, 0, NULL, NULL, 100),
(244, 3, 3, 14, 3, NULL, NULL, 100),
(244, 1, 4, 6, 1, NULL, NULL, 88),
(244, 7, 31, 98, 7, NULL, NULL, 64),
(244, 11, 6, 10, 0, NULL, NULL, 100),
(244, 2, 6, 7, 1, NULL, NULL, 13),
(244, 9, 7, 14, 3, NULL, NULL, 100),
(244, 10, 0, 26, 2, NULL, NULL, 100),
(244, 6, 13, 8, 4, NULL, NULL, 91),
(244, 5, 22, 71, 4, NULL, NULL, 100),
(244, 8, 7, 29, 2, NULL, NULL, 100),
(244, 12, 14, 96, 4, NULL, NULL, 77),
(245, 5, 13, 65, 4, NULL, NULL, 100),
(245, 1, 2, 7, 1, NULL, NULL, 88),
(245, 13, 0, 5, 0, NULL, NULL, 100),
(245, 4, 1, 4, 0, 2513, 437, 100),
(245, 8, 12, 29, 1, NULL, NULL, 100),
(245, 2, 3, 7, 1, NULL, NULL, 13),
(245, 6, 23, 8, 5, NULL, NULL, 91),
(245, 11, 10, 10, 2, NULL, NULL, 100),
(245, 7, 22, 96, 1, NULL, NULL, 64),
(245, 9, 17, 16, 1, NULL, NULL, 100),
(245, 10, 6, 25, 0, NULL, NULL, 100),
(245, 12, 37, 101, 9, NULL, NULL, 77),
(245, 3, 13, 14, 2, NULL, NULL, 100),
(246, 6, 9, 9, 3, NULL, NULL, 91),
(246, 10, 12, 24, 1, NULL, NULL, 100),
(246, 3, 6, 12, 2, NULL, NULL, 100),
(246, 5, 31, 72, 2, NULL, NULL, 100),
(246, 9, 20, 14, 3, NULL, NULL, 100),
(246, 8, 8, 31, 2, NULL, NULL, 100),
(246, 11, 3, 9, 2, NULL, NULL, 100),
(246, 12, 21, 94, 3, NULL, NULL, 77),
(246, 4, 2, 5, 1, 2435, 427, 100),
(246, 1, 2, 6, 0, NULL, NULL, 88),
(246, 2, 1, 8, 1, NULL, NULL, 13),
(246, 13, 4, 3, 2, NULL, NULL, 100),
(246, 7, 35, 92, 7, NULL, NULL, 64),
(247, 12, 36, 96, 5, NULL, NULL, 77),
(247, 3, 5, 12, 0, NULL, NULL, 100),
(247, 8, 14, 29, 2, NULL, NULL, 100),
(247, 7, 25, 84, 9, NULL, NULL, 64),
(247, 1, 11, 8, 1, NULL, NULL, 88),
(247, 10, 6, 25, 1, NULL, NULL, 100),
(247, 6, 9, 9, 5, NULL, NULL, 91),
(247, 11, 5, 9, 4, NULL, NULL, 100),
(247, 2, 2, 7, 0, NULL, NULL, 13),
(247, 9, 6, 14, 1, NULL, NULL, 100),
(247, 13, 2, 4, 0, NULL, NULL, 100),
(247, 5, 21, 70, 3, NULL, NULL, 100),
(247, 4, 3, 6, 1, 2221, 436, 100),
(248, 5, 14, 72, 7, NULL, NULL, 100),
(248, 7, 18, 87, 2, NULL, NULL, 64),
(248, 6, 4, 9, 2, NULL, NULL, 91),
(248, 11, 4, 8, 0, NULL, NULL, 100),
(248, 13, 4, 4, 0, NULL, NULL, 100),
(248, 9, 7, 13, 1, NULL, NULL, 100),
(248, 12, 24, 91, 3, NULL, NULL, 77),
(248, 3, 10, 13, 1, NULL, NULL, 100),
(248, 8, 5, 28, 1, NULL, NULL, 100),
(248, 10, 5, 25, 2, NULL, NULL, 100),
(248, 4, 0, 4, 0, 1968, 386, 100),
(248, 1, 2, 7, 0, NULL, NULL, 88),
(248, 2, 3, 6, 0, NULL, NULL, 13),
(249, 10, 9, 26, 1, NULL, NULL, 100),
(249, 7, 30, 84, 8, NULL, NULL, 64),
(249, 11, 3, 8, 0, NULL, NULL, 100),
(249, 1, 5, 6, 0, NULL, NULL, 88),
(249, 6, 8, 10, 0, NULL, NULL, 91),
(249, 2, 1, 6, 0, NULL, NULL, 13),
(249, 13, 0, 4, 1, NULL, NULL, 100),
(249, 5, 7, 70, 6, NULL, NULL, 100),
(249, 9, 11, 13, 1, NULL, NULL, 100),
(249, 12, 22, 91, 2, NULL, NULL, 77),
(249, 4, 5, 4, 1, 1515, 276, 100),
(249, 8, 5, 25, 1, NULL, NULL, 100),
(249, 3, 5, 13, 0, NULL, NULL, 100),
(250, 8, 2, 26, 0, NULL, NULL, 100),
(250, 2, 1, 6, 0, NULL, NULL, 13),
(250, 4, 1, 4, 0, 906, 215, 100),
(250, 9, 6, 13, 0, NULL, NULL, 100),
(250, 3, 5, 13, 0, NULL, NULL, 100),
(250, 1, 2, 6, 0, NULL, NULL, 88),
(250, 5, 3, 63, 2, NULL, NULL, 100),
(250, 13, 4, 4, 0, NULL, NULL, 100),
(250, 7, 9, 83, 0, NULL, NULL, 64),
(250, 11, 2, 9, 0, NULL, NULL, 100),
(250, 10, 5, 24, 2, NULL, NULL, 100),
(250, 6, 1, 11, 1, NULL, NULL, 91),
(250, 12, 8, 92, 7, NULL, NULL, 77),
(251, 6, 7, 11, 3, NULL, NULL, 91),
(251, 13, 3, 4, 0, NULL, NULL, 100),
(251, 5, 7, 58, 5, NULL, NULL, 100),
(251, 1, 0, 7, 2, NULL, NULL, 88),
(251, 4, 0, 4, 0, 1380, 501, 100),
(251, 7, 18, 80, 5, NULL, NULL, 64),
(251, 9, 8, 14, 4, NULL, NULL, 100),
(251, 2, 1, 5, 2, NULL, NULL, 13),
(251, 11, 7, 10, 0, NULL, NULL, 100),
(251, 12, 15, 81, 10, NULL, NULL, 77),
(251, 8, 6, 26, 4, NULL, NULL, 100),
(251, 3, 12, 15, 2, NULL, NULL, 100),
(251, 10, 3, 23, 1, NULL, NULL, 100),
(252, 11, 4, 8, 0, NULL, NULL, 100),
(252, 1, 3, 6, 2, NULL, NULL, 88),
(252, 8, 7, 23, 2, NULL, NULL, 100),
(252, 10, 0, 22, 1, NULL, NULL, 100),
(252, 6, 0, 9, 4, NULL, NULL, 91),
(252, 9, 17, 12, 7, NULL, NULL, 100),
(252, 3, 8, 14, 2, NULL, NULL, 100),
(252, 2, 1, 5, 0, NULL, NULL, 13),
(252, 4, 0, 4, 0, 1786, 457, 100),
(252, 13, 4, 4, 0, NULL, NULL, 100),
(252, 7, 18, 80, 5, NULL, NULL, 64),
(252, 12, 15, 84, 6, NULL, NULL, 77),
(252, 5, 18, 59, 1, NULL, NULL, 100),
(253, 13, 4, 4, 0, NULL, NULL, 100),
(253, 11, 2, 8, 2, NULL, NULL, 100),
(253, 10, 2, 22, 1, NULL, NULL, 100),
(253, 8, 6, 21, 1, NULL, NULL, 100),
(253, 12, 18, 83, 4, NULL, NULL, 77),
(253, 7, 15, 77, 4, NULL, NULL, 64),
(253, 9, 8, 12, 0, NULL, NULL, 100),
(253, 3, 3, 12, 1, NULL, NULL, 100),
(253, 1, 1, 5, 0, NULL, NULL, 88),
(253, 2, 0, 5, 1, NULL, NULL, 13),
(253, 6, 2, 9, 2, NULL, NULL, 91),
(253, 4, 1, 4, 0, 1677, 384, 100),
(253, 5, 17, 54, 1, NULL, NULL, 100),
(254, 10, 5, 21, 1, NULL, NULL, 100),
(254, 12, 18, 83, 4, NULL, NULL, 77),
(254, 9, 7, 13, 1, NULL, NULL, 100),
(254, 3, 1, 11, 4, NULL, NULL, 100),
(254, 6, 2, 9, 0, NULL, NULL, 91),
(254, 5, 4, 52, 4, NULL, NULL, 100),
(254, 8, 12, 23, 1, NULL, NULL, 100),
(254, 13, 0, 4, 0, NULL, NULL, 100),
(254, 7, 24, 78, 1, NULL, NULL, 64),
(254, 4, 2, 4, 0, 1460, 340, 100),
(254, 1, 1, 4, 0, NULL, NULL, 88),
(254, 2, 0, 5, 0, NULL, NULL, 13),
(254, 11, 2, 9, 2, NULL, NULL, 100),
(255, 2, 1, 5, 0, NULL, NULL, 13),
(255, 3, 19, 12, 0, NULL, NULL, 100),
(255, 11, 4, 5, 2, NULL, NULL, 100),
(255, 4, 2, 4, 1, 1471, 396, 100),
(255, 12, 16, 81, 5, NULL, NULL, 77),
(255, 10, 1, 19, 1, NULL, NULL, 100),
(255, 8, 6, 21, 3, NULL, NULL, 100),
(255, 1, 1, 4, 0, NULL, NULL, 88),
(255, 6, 4, 9, 0, NULL, NULL, 91),
(255, 9, 4, 13, 2, NULL, NULL, 100),
(255, 5, 9, 52, 1, NULL, NULL, 100),
(255, 7, 9, 75, 4, NULL, NULL, 64),
(255, 13, 2, 4, 0, NULL, NULL, 100),
(256, 6, 3, 9, 4, NULL, NULL, 91),
(256, 13, 2, 4, 0, NULL, NULL, 100),
(256, 4, 0, 4, 0, 976, 213, 100),
(256, 5, 6, 51, 2, NULL, NULL, 100),
(256, 11, 5, 7, 0, NULL, NULL, 100),
(256, 12, 5, 79, 2, NULL, NULL, 77),
(256, 3, 6, 13, 2, NULL, NULL, 100),
(256, 7, 8, 71, 2, NULL, NULL, 64),
(256, 9, 4, 11, 3, NULL, NULL, 100),
(256, 8, 6, 21, 1, NULL, NULL, 100),
(256, 1, 2, 4, 0, NULL, NULL, 88),
(256, 2, 0, 5, 0, NULL, NULL, 13),
(256, 10, 0, 19, 1, NULL, NULL, 100),
(257, 3, 1, 13, 0, NULL, NULL, 100),
(257, 10, 1, 20, 0, NULL, NULL, 100),
(257, 6, 2, 9, 2, NULL, NULL, 91),
(257, 4, 1, 4, 2, 652, 198, 100),
(257, 2, 2, 5, 0, NULL, NULL, 13),
(257, 8, 5, 22, 1, NULL, NULL, 100),
(257, 12, 4, 77, 5, NULL, NULL, 77),
(257, 5, 1, 52, 2, NULL, NULL, 100),
(257, 7, 4, 72, 4, NULL, NULL, 64),
(257, 13, 2, 4, 0, NULL, NULL, 100),
(257, 1, 1, 4, 0, NULL, NULL, 88),
(257, 9, 4, 10, 3, NULL, NULL, 100),
(257, 11, 2, 8, 0, NULL, NULL, 100),
(258, 5, 39, 53, 6, NULL, NULL, 100),
(258, 12, 18, 70, 5, NULL, NULL, 77),
(258, 11, 2, 8, 2, NULL, NULL, 100),
(258, 6, 3, 9, 1, NULL, NULL, 91),
(258, 1, 0, 4, 1, NULL, NULL, 88),
(258, 2, 0, 5, 1, NULL, NULL, 13),
(258, 10, 1, 21, 1, NULL, NULL, 100),
(258, 3, 5, 13, 0, NULL, NULL, 100),
(258, 9, 4, 10, 3, NULL, NULL, 100),
(258, 8, 14, 23, 2, NULL, NULL, 100),
(258, 13, 7, 4, 1, NULL, NULL, 100),
(258, 4, 0, 4, 2, 1257, 408, 100),
(258, 7, 6, 71, 3, NULL, NULL, 64),
(259, 6, 3, 7, 1, NULL, NULL, 91),
(259, 9, 7, 11, 0, NULL, NULL, 100),
(259, 10, 4, 21, 0, NULL, NULL, 100),
(259, 8, 5, 22, 2, NULL, NULL, 100),
(259, 13, 4, 4, 1, NULL, NULL, 100),
(259, 2, 0, 6, 0, NULL, NULL, 13),
(259, 5, 15, 46, 1, NULL, NULL, 100),
(259, 11, 3, 8, 2, NULL, NULL, 100),
(259, 4, 1, 3, 2, 1572, 365, 100),
(259, 12, 34, 64, 6, NULL, NULL, 77),
(259, 3, 1, 12, 1, NULL, NULL, 100),
(259, 7, 2, 67, 1, NULL, NULL, 64),
(259, 1, 13, 3, 0, NULL, NULL, 88),
(260, 7, 29, 69, 4, NULL, NULL, 64),
(260, 6, 0, 5, 1, NULL, NULL, 91),
(260, 13, 0, 4, 1, NULL, NULL, 100),
(260, 4, 0, 2, 1, 1253, 312, 100),
(260, 9, 7, 11, 1, NULL, NULL, 100),
(260, 5, 1, 44, 3, NULL, NULL, 100),
(260, 10, 0, 18, 1, NULL, NULL, 100),
(260, 1, 1, 3, 1, NULL, NULL, 88),
(260, 8, 8, 22, 2, NULL, NULL, 100),
(260, 11, 1, 7, 0, NULL, NULL, 100),
(260, 3, 2, 10, 0, NULL, NULL, 100),
(260, 2, 0, 5, 0, NULL, NULL, 13),
(260, 12, 11, 62, 1, NULL, NULL, 77),
(261, 3, 5, 8, 0, NULL, NULL, 100),
(261, 7, 10, 68, 1, NULL, NULL, 64),
(261, 2, 0, 4, 2, NULL, NULL, 13),
(261, 10, 2, 18, 0, NULL, NULL, 100),
(261, 4, 2, 2, 0, 1450, 326, 100),
(261, 9, 11, 9, 2, NULL, NULL, 100),
(261, 11, 4, 7, 1, NULL, NULL, 100),
(261, 12, 9, 57, 4, NULL, NULL, 77),
(261, 5, 6, 45, 3, NULL, NULL, 100),
(261, 13, 0, 5, 5, NULL, NULL, 100),
(261, 6, 9, 6, 1, NULL, NULL, 91),
(261, 8, 9, 23, 0, NULL, NULL, 100),
(261, 1, 2, 1, 2, NULL, NULL, 88),
(262, 3, 12, 8, 1, NULL, NULL, 100),
(262, 12, 16, 54, 2, NULL, NULL, 77),
(262, 2, 0, 4, 0, NULL, NULL, 13),
(262, 1, 5, 1, 1, NULL, NULL, 88),
(262, 10, 1, 15, 1, NULL, NULL, 100),
(262, 6, 1, 8, 1, NULL, NULL, 91),
(262, 13, 1, 5, 0, NULL, NULL, 100),
(262, 8, 20, 23, 0, NULL, NULL, 100),
(262, 11, 4, 7, 2, NULL, NULL, 100),
(262, 5, 6, 42, 2, NULL, NULL, 100),
(262, 7, 12, 68, 3, NULL, NULL, 64),
(262, 9, 7, 10, 2, NULL, NULL, 100),
(262, 4, 0, 2, 1, 1400, 284, 100),
(263, 12, 5, 55, 2, NULL, NULL, 77),
(263, 2, 2, 4, 0, NULL, NULL, 13),
(263, 3, 1, 8, 1, NULL, NULL, 100),
(263, 5, 5, 40, 3, NULL, NULL, 100),
(263, 4, 1, 2, 0, 1019, 216, 100),
(263, 13, 2, 4, 2, NULL, NULL, 100),
(263, 7, 3, 66, 1, NULL, NULL, 64),
(263, 9, 3, 11, 0, NULL, NULL, 100),
(263, 6, 1, 6, 3, NULL, NULL, 91),
(263, 11, 4, 5, 0, NULL, NULL, 100),
(263, 1, 1, 1, 0, NULL, NULL, 88),
(263, 10, 2, 15, 0, NULL, NULL, 100),
(263, 8, 5, 21, 3, NULL, NULL, 100),
(264, 7, 1, 66, 0, NULL, NULL, 64),
(264, 2, 1, 4, 1, NULL, NULL, 13),
(264, 13, 1, 4, 0, NULL, NULL, 100),
(264, 9, 7, 11, 2, NULL, NULL, 100),
(264, 5, 3, 38, 3, NULL, NULL, 100),
(264, 6, 2, 6, 1, NULL, NULL, 91),
(264, 12, 3, 54, 3, NULL, NULL, 77),
(264, 3, 1, 7, 1, NULL, NULL, 100),
(264, 1, 0, 1, 1, NULL, NULL, 88),
(264, 10, 0, 14, 0, NULL, NULL, 100),
(264, 11, 0, 5, 0, NULL, NULL, 100),
(264, 4, 2, 2, 0, 627, 175, 100),
(264, 8, 5, 21, 0, NULL, NULL, 100),
(265, 2, 4, 4, 0, NULL, NULL, 13),
(265, 7, 3, 67, 2, NULL, NULL, 64),
(265, 3, 5, 6, 0, NULL, NULL, 100),
(265, 9, 7, 12, 1, NULL, NULL, 100),
(265, 5, 12, 41, 6, NULL, NULL, 100),
(265, 8, 9, 19, 4, NULL, NULL, 100),
(265, 13, 1, 3, 2, NULL, NULL, 100),
(265, 12, 13, 50, 4, NULL, NULL, 77),
(265, 1, 1, 1, 1, NULL, NULL, 88),
(265, 10, 4, 15, 0, NULL, NULL, 100),
(265, 6, 0, 6, 1, NULL, NULL, 91),
(265, 11, 1, 4, 1, NULL, NULL, 100),
(265, 4, 0, 2, 1, 1206, 366, 100),
(266, 11, 1, 3, 1, NULL, NULL, 100),
(266, 6, 2, 6, 0, NULL, NULL, 91),
(266, 1, 1, 1, 0, NULL, NULL, 88),
(266, 12, 9, 54, 4, NULL, NULL, 77),
(266, 10, 1, 14, 2, NULL, NULL, 100),
(266, 3, 0, 6, 1, NULL, NULL, 100),
(266, 4, 3, 1, 0, 1597, 380, 100),
(266, 13, 1, 3, 1, NULL, NULL, 100),
(266, 9, 9, 13, 0, NULL, NULL, 100),
(266, 8, 6, 21, 3, NULL, NULL, 100),
(266, 5, 5, 38, 4, NULL, NULL, 100),
(266, 2, 0, 4, 0, NULL, NULL, 13),
(266, 7, 35, 68, 5, NULL, NULL, 64),
(267, 2, 1, 4, 0, NULL, NULL, 13),
(267, 7, 25, 68, 1, NULL, NULL, 64),
(267, 1, 5, 1, 1, NULL, NULL, 88),
(267, 9, 4, 13, 1, NULL, NULL, 100),
(267, 5, 10, 39, 3, NULL, NULL, 100),
(267, 11, 1, 3, 0, NULL, NULL, 100),
(267, 4, 0, 1, 0, 1380, 296, 100),
(267, 6, 6, 6, 0, NULL, NULL, 91),
(267, 12, 13, 48, 5, NULL, NULL, 77),
(267, 10, 3, 11, 1, NULL, NULL, 100),
(267, 8, 7, 21, 1, NULL, NULL, 100),
(267, 13, 2, 3, 1, NULL, NULL, 100),
(267, 3, 2, 5, 1, NULL, NULL, 100),
(268, 13, 0, 3, 0, NULL, NULL, 100),
(268, 10, 1, 10, 0, NULL, NULL, 100),
(268, 9, 4, 14, 1, NULL, NULL, 100),
(268, 5, 6, 37, 3, NULL, NULL, 100),
(268, 2, 1, 3, 0, NULL, NULL, 13),
(268, 7, 11, 69, 0, NULL, NULL, 64),
(268, 12, 6, 47, 2, NULL, NULL, 77),
(268, 6, 3, 5, 0, NULL, NULL, 91),
(268, 11, 3, 3, 1, NULL, NULL, 100),
(268, 1, 3, 1, 0, NULL, NULL, 88),
(268, 4, 0, 1, 0, 1445, 297, 100),
(268, 8, 2, 20, 0, NULL, NULL, 100),
(268, 3, 2, 6, 0, NULL, NULL, 100),
(269, 9, 7, 13, 1, NULL, NULL, 100),
(269, 5, 6, 35, 3, NULL, NULL, 100),
(269, 8, 7, 20, 4, NULL, NULL, 100),
(269, 1, 2, 1, 0, NULL, NULL, 88),
(269, 3, 2, 6, 0, NULL, NULL, 100),
(269, 7, 14, 69, 1, NULL, NULL, 64),
(269, 2, 4, 3, 1, NULL, NULL, 13),
(269, 12, 10, 43, 4, NULL, NULL, 77),
(269, 11, 2, 3, 1, NULL, NULL, 100),
(269, 6, 0, 5, 0, NULL, NULL, 91),
(269, 13, 1, 3, 0, NULL, NULL, 100),
(269, 10, 0, 9, 0, NULL, NULL, 100),
(269, 4, 0, 1, 1, 1340, 306, 100),
(270, 1, 0, 2, 2, NULL, NULL, 88),
(270, 11, 9, 3, 2, NULL, NULL, 100),
(270, 10, 0, 9, 0, NULL, NULL, 100),
(270, 13, 0, 3, 0, NULL, NULL, 100),
(270, 3, 2, 7, 0, NULL, NULL, 100),
(270, 12, 2, 43, 0, NULL, NULL, 77),
(270, 9, 6, 12, 2, NULL, NULL, 100),
(270, 5, 7, 33, 2, NULL, NULL, 100),
(270, 8, 10, 20, 0, NULL, NULL, 100),
(270, 7, 15, 69, 0, NULL, NULL, 64),
(270, 6, 1, 4, 2, NULL, NULL, 91),
(270, 4, 2, 1, 0, 1097, 199, 100),
(270, 2, 1, 3, 0, NULL, NULL, 13),
(271, 13, 0, 3, 0, NULL, NULL, 100),
(271, 2, 1, 3, 0, NULL, NULL, 13),
(271, 10, 0, 9, 0, NULL, NULL, 100),
(271, 7, 7, 68, 1, NULL, NULL, 64),
(271, 3, 6, 7, 0, NULL, NULL, 100),
(271, 6, 0, 4, 0, NULL, NULL, 91),
(271, 4, 0, 1, 0, 669, 150, 100),
(271, 8, 1, 18, 1, NULL, NULL, 100),
(271, 5, 5, 31, 1, NULL, NULL, 100),
(271, 9, 9, 14, 1, NULL, NULL, 100),
(271, 12, 4, 43, 2, NULL, NULL, 77),
(271, 11, 0, 3, 0, NULL, NULL, 100),
(271, 1, 1, 2, 0, NULL, NULL, 88),
(272, 11, 1, 3, 1, NULL, NULL, 100),
(272, 2, 2, 3, 0, NULL, NULL, 13),
(272, 5, 10, 32, 0, NULL, NULL, 100),
(272, 8, 7, 19, 2, NULL, NULL, 100),
(272, 9, 2, 15, 4, NULL, NULL, 100),
(272, 1, 2, 1, 1, NULL, NULL, 88),
(272, 7, 25, 61, 8, NULL, NULL, 64),
(272, 4, 0, 0, 0, 1324, 372, 100),
(272, 12, 10, 43, 0, NULL, NULL, 77),
(272, 6, 3, 4, 0, NULL, NULL, 91),
(272, 3, 3, 9, 0, NULL, NULL, 100),
(272, 10, 0, 9, 0, NULL, NULL, 100),
(272, 13, 0, 3, 2, NULL, NULL, 100),
(273, 3, 1, 8, 0, NULL, NULL, 100),
(273, 2, 0, 3, 0, NULL, NULL, 13),
(273, 12, 9, 43, 1, NULL, NULL, 77),
(273, 1, 0, 1, 0, NULL, NULL, 88),
(273, 9, 9, 15, 0, NULL, NULL, 100),
(273, 8, 4, 18, 0, NULL, NULL, 100),
(273, 7, 10, 63, 3, NULL, NULL, 64),
(273, 6, 2, 4, 0, NULL, NULL, 91),
(273, 13, 1, 2, 1, NULL, NULL, 100),
(273, 5, 7, 30, 0, NULL, NULL, 100),
(273, 10, 0, 8, 0, NULL, NULL, 100),
(273, 4, 2, 0, 0, 1562, 314, 100),
(273, 11, 3, 4, 0, NULL, NULL, 100),
(274, 4, 3, 0, 0, 1664, 292, 100),
(274, 7, 12, 61, 4, NULL, NULL, 64),
(274, 9, 11, 13, 1, NULL, NULL, 100),
(274, 12, 4, 39, 5, NULL, NULL, 77),
(274, 11, 13, 4, 1, NULL, NULL, 100),
(274, 13, 3, 1, 1, NULL, NULL, 100),
(274, 3, 0, 8, 0, NULL, NULL, 100),
(274, 5, 9, 32, 0, NULL, NULL, 100),
(274, 1, 1, 1, 1, NULL, NULL, 88),
(274, 2, 4, 2, 1, NULL, NULL, 13),
(274, 10, 2, 9, 0, NULL, NULL, 100),
(274, 6, 3, 4, 0, NULL, NULL, 91),
(274, 8, 15, 15, 4, NULL, NULL, 100),
(275, 9, 7, 15, 2, NULL, NULL, 100),
(275, 3, 0, 7, 2, NULL, NULL, 100),
(275, 4, 2, 0, 0, 1364, 261, 100),
(275, 12, 7, 42, 5, NULL, NULL, 77),
(275, 6, 0, 5, 0, NULL, NULL, 91),
(275, 13, 3, 1, 0, NULL, NULL, 100),
(275, 5, 5, 34, 0, NULL, NULL, 100),
(275, 2, 0, 2, 0, NULL, NULL, 13),
(275, 11, 4, 4, 1, NULL, NULL, 100),
(275, 10, 1, 9, 0, NULL, NULL, 100),
(275, 7, 8, 64, 1, NULL, NULL, 64),
(275, 1, 0, 1, 0, NULL, NULL, 88),
(275, 8, 10, 18, 1, NULL, NULL, 100),
(276, 9, 6, 13, 3, NULL, NULL, 100),
(276, 1, 0, 1, 1, NULL, NULL, 88),
(276, 6, 3, 6, 1, NULL, NULL, 91),
(276, 8, 7, 20, 1, NULL, NULL, 100),
(276, 2, 2, 2, 0, NULL, NULL, 13),
(276, 5, 8, 32, 1, NULL, NULL, 100),
(276, 4, 0, 0, 1, 1285, 264, 100),
(276, 13, 3, 2, 0, NULL, NULL, 100),
(276, 10, 0, 9, 0, NULL, NULL, 100),
(276, 7, 23, 58, 3, NULL, NULL, 64),
(276, 12, 17, 39, 4, NULL, NULL, 77),
(276, 3, 4, 7, 3, NULL, NULL, 100),
(276, 11, 6, 4, 2, NULL, NULL, 100),
(277, 12, 9, 42, 1, NULL, NULL, 77),
(277, 8, 6, 21, 0, NULL, NULL, 100),
(277, 4, 1, 1, 0, 1004, 190, 100),
(277, 3, 2, 9, 1, NULL, NULL, 100),
(277, 6, 0, 6, 0, NULL, NULL, 91),
(277, 2, 4, 2, 0, NULL, NULL, 13),
(277, 5, 8, 32, 0, NULL, NULL, 100),
(277, 10, 3, 9, 0, NULL, NULL, 100),
(277, 9, 2, 12, 1, NULL, NULL, 100),
(277, 13, 0, 2, 0, NULL, NULL, 100),
(277, 11, 3, 4, 0, NULL, NULL, 100),
(277, 7, 4, 59, 2, NULL, NULL, 64),
(277, 1, 0, 0, 0, NULL, NULL, 88),
(278, 4, 0, 1, 0, 599, 131, 100),
(278, 9, 4, 12, 2, NULL, NULL, 100),
(278, 8, 2, 20, 1, NULL, NULL, 100),
(278, 7, 0, 59, 0, NULL, NULL, 64),
(278, 13, 6, 2, 1, NULL, NULL, 100),
(278, 2, 1, 2, 0, NULL, NULL, 13),
(278, 1, 0, 0, 1, NULL, NULL, 88),
(278, 6, 0, 6, 0, NULL, NULL, 91),
(278, 11, 2, 5, 3, NULL, NULL, 100),
(278, 12, 5, 42, 1, NULL, NULL, 77),
(278, 10, 2, 9, 0, NULL, NULL, 100),
(278, 5, 4, 33, 1, NULL, NULL, 100),
(278, 3, 1, 9, 0, NULL, NULL, 100),
(279, 2, 0, 2, 0, NULL, NULL, 13),
(279, 3, 4, 8, 0, NULL, NULL, 100),
(279, 1, 0, 0, 0, NULL, NULL, 88),
(279, 8, 5, 19, 2, NULL, NULL, 100),
(279, 5, 12, 33, 4, NULL, NULL, 100),
(279, 6, 4, 5, 1, NULL, NULL, 91),
(279, 9, 2, 12, 2, NULL, NULL, 100),
(279, 4, 3, 1, 0, 1284, 354, 100),
(279, 12, 11, 39, 5, NULL, NULL, 77),
(279, 10, 3, 9, 0, NULL, NULL, 100),
(279, 13, 3, 3, 0, NULL, NULL, 100),
(279, 11, 2, 5, 1, NULL, NULL, 100),
(279, 7, 17, 58, 3, NULL, NULL, 64),
(280, 3, 3, 8, 1, NULL, NULL, 100),
(280, 2, 0, 2, 0, NULL, NULL, 13),
(280, 12, 35, 35, 6, NULL, NULL, 77),
(280, 9, 7, 12, 2, NULL, NULL, 100),
(280, 11, 7, 4, 0, NULL, NULL, 100),
(280, 8, 3, 19, 1, NULL, NULL, 100),
(280, 5, 10, 31, 3, NULL, NULL, 100),
(280, 7, 21, 53, 3, NULL, NULL, 64),
(280, 4, 0, 0, 1, 1783, 386, 100),
(280, 6, 0, 5, 0, NULL, NULL, 91),
(280, 10, 1, 11, 1, NULL, NULL, 100),
(280, 1, 0, 0, 0, NULL, NULL, 88),
(280, 13, 7, 3, 1, NULL, NULL, 100),
(281, 8, 8, 19, 3, NULL, NULL, 100),
(281, 10, 3, 11, 0, NULL, NULL, 100),
(281, 1, 2, 0, 0, NULL, NULL, 88),
(281, 3, 9, 8, 0, NULL, NULL, 100),
(281, 12, 15, 36, 2, NULL, NULL, 77),
(281, 4, 0, 0, 0, 1426, 278, 100),
(281, 5, 14, 35, 1, NULL, NULL, 100),
(281, 6, 5, 5, 0, NULL, NULL, 91),
(281, 7, 16, 58, 2, NULL, NULL, 64),
(281, 9, 2, 12, 0, NULL, NULL, 100),
(281, 11, 2, 4, 0, NULL, NULL, 100),
(281, 2, 2, 2, 2, NULL, NULL, 13),
(281, 13, 3, 2, 0, NULL, NULL, 100),
(282, 10, 4, 9, 0, NULL, NULL, 100),
(282, 2, 1, 2, 0, NULL, NULL, 13),
(282, 7, 7, 59, 3, NULL, NULL, 64),
(282, 11, 6, 4, 0, NULL, NULL, 100),
(282, 13, 2, 3, 0, NULL, NULL, 100),
(282, 1, 0, 0, 0, NULL, NULL, 88),
(282, 8, 4, 19, 1, NULL, NULL, 100),
(282, 3, 1, 9, 1, NULL, NULL, 100),
(282, 6, 2, 4, 0, NULL, NULL, 91),
(282, 5, 5, 30, 4, NULL, NULL, 100),
(282, 4, 3, 1, 0, 1454, 292, 100),
(282, 9, 4, 11, 0, NULL, NULL, 100),
(282, 12, 8, 36, 1, NULL, NULL, 77),
(283, 13, 5, 2, 1, NULL, NULL, 100),
(283, 2, 0, 2, 1, NULL, NULL, 13),
(283, 9, 2, 9, 1, NULL, NULL, 100),
(283, 5, 3, 30, 2, NULL, NULL, 100),
(283, 12, 8, 35, 0, NULL, NULL, 77),
(283, 6, 0, 4, 0, NULL, NULL, 91),
(283, 8, 6, 19, 0, NULL, NULL, 100),
(283, 11, 11, 5, 0, NULL, NULL, 100),
(283, 7, 15, 60, 6, NULL, NULL, 64),
(283, 3, 0, 3, 0, NULL, NULL, 100),
(283, 1, 2, 0, 0, NULL, NULL, 88),
(283, 4, 2, 1, 0, 743, 159, 100),
(283, 10, 1, 9, 0, NULL, NULL, 100),
(284, 5, 3, 29, 3, NULL, NULL, 100),
(284, 11, 4, 6, 0, NULL, NULL, 100),
(284, 2, 1, 2, 0, NULL, NULL, 13),
(284, 7, 1, 61, 2, NULL, NULL, 64),
(284, 13, 2, 2, 2, NULL, NULL, 100),
(284, 3, 0, 3, 0, NULL, NULL, 100),
(284, 12, 2, 36, 0, NULL, NULL, 77),
(284, 6, 0, 4, 0, NULL, NULL, 91),
(284, 10, 1, 9, 0, NULL, NULL, 100),
(284, 8, 3, 18, 3, NULL, NULL, 100),
(284, 4, 0, 1, 0, 513, 146, 100),
(284, 9, 2, 9, 3, NULL, NULL, 100),
(284, 1, 0, 0, 0, NULL, NULL, 88),
(285, 11, 2, 7, 1, NULL, NULL, 100),
(285, 12, 1, 36, 3, NULL, NULL, 77),
(285, 5, 2, 28, 1, NULL, NULL, 100),
(285, 6, 0, 4, 0, NULL, NULL, 91),
(285, 9, 4, 9, 0, NULL, NULL, 100),
(285, 13, 2, 2, 2, NULL, NULL, 100),
(285, 7, 0, 61, 0, NULL, NULL, 64),
(285, 3, 1, 3, 0, NULL, NULL, 100),
(285, 2, 0, 2, 0, NULL, NULL, 13),
(285, 8, 7, 18, 3, NULL, NULL, 100),
(285, 1, 0, 0, 0, NULL, NULL, 88),
(285, 4, 0, 1, 0, 589, 175, 100),
(285, 10, 2, 10, 0, NULL, NULL, 100),
(286, 13, 2, 2, 1, NULL, NULL, 100),
(286, 2, 1, 1, 0, NULL, NULL, 13),
(286, 10, 3, 12, 1, NULL, NULL, 100),
(286, 8, 5, 21, 3, NULL, NULL, 100),
(286, 5, 3, 27, 0, NULL, NULL, 100),
(286, 1, 0, 0, 0, NULL, NULL, 88),
(286, 3, 2, 3, 2, NULL, NULL, 100),
(286, 12, 16, 34, 4, NULL, NULL, 77),
(286, 7, 18, 59, 3, NULL, NULL, 64),
(286, 4, 3, 2, 2, 1217, 364, 100),
(286, 6, 1, 3, 2, NULL, NULL, 91),
(286, 9, 2, 8, 0, NULL, NULL, 100),
(286, 11, 4, 7, 4, NULL, NULL, 100),
(287, 1, 0, 0, 0, NULL, NULL, 88),
(287, 7, 6, 58, 5, NULL, NULL, 64),
(287, 10, 1, 11, 0, NULL, NULL, 100),
(287, 8, 4, 21, 1, NULL, NULL, 100),
(287, 5, 12, 27, 0, NULL, NULL, 100),
(287, 4, 0, 2, 0, 1627, 388, 100),
(287, 3, 4, 3, 0, NULL, NULL, 100),
(287, 9, 2, 8, 2, NULL, NULL, 100),
(287, 11, 1, 7, 0, NULL, NULL, 100),
(287, 6, 11, 3, 0, NULL, NULL, 91),
(287, 2, 2, 2, 0, NULL, NULL, 13),
(287, 12, 13, 31, 4, NULL, NULL, 77),
(287, 13, 4, 2, 0, NULL, NULL, 100),
(288, 6, 4, 4, 0, NULL, NULL, 91),
(288, 12, 7, 31, 3, NULL, NULL, 77),
(288, 4, 7, 2, 1, 1404, 304, 100),
(288, 5, 9, 28, 3, NULL, NULL, 100),
(288, 7, 21, 56, 2, NULL, NULL, 64),
(288, 2, 3, 2, 0, NULL, NULL, 13),
(288, 13, 4, 4, 0, NULL, NULL, 100),
(288, 9, 3, 9, 1, NULL, NULL, 100),
(288, 3, 4, 3, 0, NULL, NULL, 100),
(288, 11, 4, 6, 0, NULL, NULL, 100),
(288, 1, 0, 0, 0, NULL, NULL, 88),
(288, 8, 4, 18, 0, NULL, NULL, 100),
(288, 10, 5, 11, 1, NULL, NULL, 100),
(289, 9, 7, 9, 0, NULL, NULL, 100),
(289, 8, 24, 18, 3, NULL, NULL, 100),
(289, 3, 0, 3, 1, NULL, NULL, 100),
(289, 10, 4, 9, 1, NULL, NULL, 100),
(289, 2, 0, 2, 0, NULL, NULL, 13),
(289, 7, 25, 49, 5, NULL, NULL, 64),
(289, 1, 2, 0, 0, NULL, NULL, 88),
(289, 11, 1, 6, 0, NULL, NULL, 100),
(289, 5, 5, 25, 4, NULL, NULL, 100),
(289, 12, 10, 31, 4, NULL, NULL, 77),
(289, 6, 16, 3, 1, NULL, NULL, 91),
(289, 13, 4, 4, 0, NULL, NULL, 100),
(289, 4, 2, 2, 0, 1317, 252, 100),
(290, 12, 2, 31, 0, NULL, NULL, 77),
(290, 9, 4, 8, 0, NULL, NULL, 100),
(290, 13, 5, 3, 1, NULL, NULL, 100),
(290, 4, 3, 2, 0, 677, 133, 100),
(290, 2, 7, 2, 1, NULL, NULL, 13),
(290, 3, 1, 3, 0, NULL, NULL, 100),
(290, 6, 0, 3, 0, NULL, NULL, 91),
(290, 8, 5, 17, 2, NULL, NULL, 100),
(290, 5, 4, 26, 2, NULL, NULL, 100),
(290, 7, 13, 50, 0, NULL, NULL, 64),
(290, 10, 0, 10, 0, NULL, NULL, 100),
(290, 11, 3, 6, 1, NULL, NULL, 100),
(290, 1, 0, 0, 0, NULL, NULL, 88),
(291, 1, 0, 0, 0, NULL, NULL, 88),
(291, 8, 5, 21, 1, NULL, NULL, 100),
(291, 2, 0, 2, 0, NULL, NULL, 13),
(291, 9, 2, 7, 0, NULL, NULL, 100),
(291, 7, 7, 50, 0, NULL, NULL, 64),
(291, 13, 9, 3, 0, NULL, NULL, 100),
(291, 10, 1, 9, 2, NULL, NULL, 100),
(291, 6, 0, 3, 0, NULL, NULL, 91),
(291, 12, 12, 30, 0, NULL, NULL, 77),
(291, 11, 6, 6, 0, NULL, NULL, 100),
(291, 5, 4, 26, 1, NULL, NULL, 100),
(291, 4, 2, 2, 1, 646, 157, 100),
(291, 3, 1, 3, 0, NULL, NULL, 100),
(292, 6, 7, 3, 0, NULL, NULL, 91),
(292, 8, 4, 21, 1, NULL, NULL, 100),
(292, 2, 0, 2, 0, NULL, NULL, 13),
(292, 5, 10, 28, 2, NULL, NULL, 100),
(292, 3, 3, 4, 1, NULL, NULL, 100),
(292, 11, 0, 6, 0, NULL, NULL, 100),
(292, 9, 4, 7, 0, NULL, NULL, 100),
(292, 12, 6, 28, 3, NULL, NULL, 77),
(292, 1, 0, 0, 0, NULL, NULL, 88),
(292, 10, 2, 9, 1, NULL, NULL, 100),
(292, 7, 2, 50, 0, NULL, NULL, 64),
(292, 4, 0, 2, 0, 657, 116, 100),
(292, 13, 2, 3, 1, NULL, NULL, 100),
(293, 3, 1, 4, 0, NULL, NULL, 100),
(293, 7, 15, 52, 5, NULL, NULL, 64),
(293, 2, 3, 2, 2, NULL, NULL, 13),
(293, 13, 4, 3, 0, NULL, NULL, 100),
(293, 12, 10, 31, 4, NULL, NULL, 77),
(293, 4, 3, 3, 0, 1262, 380, 100),
(293, 9, 6, 10, 0, NULL, NULL, 100),
(293, 6, 8, 4, 0, NULL, NULL, 91),
(293, 11, 4, 6, 2, NULL, NULL, 100),
(293, 10, 1, 8, 1, NULL, NULL, 100),
(293, 5, 3, 29, 0, NULL, NULL, 100),
(293, 8, 12, 24, 6, NULL, NULL, 100),
(293, 1, 2, 0, 0, NULL, NULL, 88),
(294, 13, 3, 3, 0, NULL, NULL, 100),
(294, 4, 1, 2, 0, 1747, 346, 100),
(294, 5, 12, 23, 1, NULL, NULL, 100),
(294, 7, 17, 53, 0, NULL, NULL, 64),
(294, 1, 4, 0, 0, NULL, NULL, 88),
(294, 3, 2, 3, 0, NULL, NULL, 100),
(294, 2, 0, 2, 0, NULL, NULL, 13),
(294, 6, 4, 4, 1, NULL, NULL, 91),
(294, 11, 4, 7, 0, NULL, NULL, 100),
(294, 12, 8, 30, 1, NULL, NULL, 77),
(294, 8, 9, 24, 2, NULL, NULL, 100),
(294, 10, 5, 5, 2, NULL, NULL, 100),
(294, 9, 5, 9, 1, NULL, NULL, 100),
(295, 2, 0, 1, 0, NULL, NULL, 13),
(295, 8, 4, 23, 2, NULL, NULL, 100),
(295, 11, 1, 6, 2, NULL, NULL, 100),
(295, 1, 2, 0, 0, NULL, NULL, 88),
(295, 5, 7, 23, 1, NULL, NULL, 100),
(295, 3, 3, 3, 0, NULL, NULL, 100),
(295, 9, 9, 13, 1, NULL, NULL, 100),
(295, 6, 3, 4, 0, NULL, NULL, 91),
(295, 13, 1, 2, 0, NULL, NULL, 100),
(295, 12, 6, 29, 1, NULL, NULL, 77),
(295, 10, 4, 5, 0, NULL, NULL, 100),
(295, 4, 2, 3, 0, 1438, 291, 100),
(295, 7, 15, 50, 12, NULL, NULL, 64),
(296, 11, 10, 7, 1, NULL, NULL, 100),
(296, 5, 11, 25, 1, NULL, NULL, 100),
(296, 2, 0, 0, 2, NULL, NULL, 13),
(296, 4, 0, 3, 0, 1441, 277, 100),
(296, 6, 6, 4, 1, NULL, NULL, 91),
(296, 10, 7, 6, 1, NULL, NULL, 100),
(296, 13, 0, 2, 0, NULL, NULL, 100),
(296, 9, 5, 13, 0, NULL, NULL, 100),
(296, 12, 11, 28, 1, NULL, NULL, 77),
(296, 8, 24, 21, 3, NULL, NULL, 100),
(296, 3, 2, 3, 0, NULL, NULL, 100),
(296, 7, 26, 41, 9, NULL, NULL, 64),
(296, 1, 2, 0, 0, NULL, NULL, 88),
(297, 9, 4, 14, 1, NULL, NULL, 100),
(297, 3, 2, 3, 1, NULL, NULL, 100),
(297, 10, 5, 7, 1, NULL, NULL, 100),
(297, 8, 5, 20, 1, NULL, NULL, 100),
(297, 4, 1, 3, 0, 1445, 281, 100),
(297, 7, 35, 43, 1, NULL, NULL, 64),
(297, 6, 0, 4, 1, NULL, NULL, 91),
(297, 2, 8, 0, 0, NULL, NULL, 13),
(297, 13, 0, 2, 0, NULL, NULL, 100),
(297, 12, 20, 26, 7, NULL, NULL, 77),
(297, 1, 1, 1, 0, NULL, NULL, 88),
(297, 11, 6, 7, 3, NULL, NULL, 100),
(297, 5, 10, 25, 3, NULL, NULL, 100),
(298, 13, 3, 2, 2, NULL, NULL, 100),
(298, 4, 0, 3, 3, 944, 171, 100),
(298, 11, 8, 11, 0, NULL, NULL, 100),
(298, 12, 6, 26, 1, NULL, NULL, 77),
(298, 5, 9, 26, 2, NULL, NULL, 100),
(298, 2, 1, 0, 0, NULL, NULL, 13),
(298, 1, 0, 1, 0, NULL, NULL, 88),
(298, 6, 0, 4, 0, NULL, NULL, 91),
(298, 10, 3, 3, 1, NULL, NULL, 100),
(298, 3, 2, 3, 0, NULL, NULL, 100),
(298, 8, 8, 17, 2, NULL, NULL, 100),
(298, 9, 2, 14, 0, NULL, NULL, 100),
(298, 7, 3, 43, 0, NULL, NULL, 64),
(299, 5, 15, 25, 0, NULL, NULL, 100),
(299, 13, 7, 3, 1, NULL, NULL, 100),
(299, 8, 3, 18, 0, NULL, NULL, 100),
(299, 10, 5, 3, 0, NULL, NULL, 100),
(299, 9, 6, 15, 2, NULL, NULL, 100),
(299, 3, 1, 3, 0, NULL, NULL, 100),
(299, 1, 0, 1, 0, NULL, NULL, 88),
(299, 7, 3, 40, 2, NULL, NULL, 64),
(299, 6, 4, 4, 0, NULL, NULL, 91),
(299, 2, 0, 0, 0, NULL, NULL, 13),
(299, 4, 8, 2, 1, 729, 151, 100),
(299, 11, 4, 11, 2, NULL, NULL, 100),
(299, 12, 6, 27, 0, NULL, NULL, 77),
(300, 6, 10, 6, 0, NULL, NULL, 91),
(300, 7, 38, 50, 3, NULL, NULL, 64),
(300, 11, 3, 10, 1, NULL, NULL, 100),
(300, 12, 21, 30, 2, NULL, NULL, 77),
(300, 4, 4, 2, 0, 1289, 310, 100),
(300, 1, 0, 0, 0, NULL, NULL, 88),
(300, 9, 0, 15, 2, NULL, NULL, 100),
(300, 3, 5, 3, 0, NULL, NULL, 100),
(300, 10, 3, 6, 2, NULL, NULL, 100),
(300, 13, 3, 3, 0, NULL, NULL, 100),
(300, 2, 3, 0, 0, NULL, NULL, 13),
(300, 5, 8, 25, 0, NULL, NULL, 100),
(300, 8, 8, 22, 2, NULL, NULL, 100),
(301, 12, 11, 29, 2, NULL, NULL, 77),
(301, 10, 8, 6, 2, NULL, NULL, 100),
(301, 5, 9, 25, 0, NULL, NULL, 100),
(301, 2, 1, 1, 0, NULL, NULL, 13),
(301, 13, 9, 4, 2, NULL, NULL, 100),
(301, 9, 7, 15, 2, NULL, NULL, 100),
(301, 7, 32, 50, 5, NULL, NULL, 64),
(301, 11, 6, 10, 1, NULL, NULL, 100),
(301, 4, 0, 2, 0, 1660, 362, 100),
(301, 1, 1, 0, 0, NULL, NULL, 88),
(301, 8, 9, 22, 1, NULL, NULL, 100),
(301, 6, 1, 6, 0, NULL, NULL, 91),
(301, 3, 8, 4, 0, NULL, NULL, 100),
(302, 9, 3, 15, 0, NULL, NULL, 100),
(302, 5, 12, 26, 0, NULL, NULL, 100),
(302, 1, 1, 0, 0, NULL, NULL, 88),
(302, 4, 5, 2, 0, 1588, 232, 100),
(302, 11, 8, 11, 4, NULL, NULL, 100),
(302, 10, 12, 8, 0, NULL, NULL, 100),
(302, 6, 3, 6, 0, NULL, NULL, 91),
(302, 7, 22, 57, 3, NULL, NULL, 64),
(302, 8, 11, 21, 1, NULL, NULL, 100),
(302, 2, 2, 1, 0, NULL, NULL, 13),
(302, 13, 9, 3, 3, NULL, NULL, 100),
(302, 12, 7, 29, 1, NULL, NULL, 77),
(302, 3, 1, 4, 1, NULL, NULL, 100),
(303, 10, 12, 9, 0, NULL, NULL, 100),
(303, 3, 8, 4, 0, NULL, NULL, 100),
(303, 9, 4, 15, 4, NULL, NULL, 100),
(303, 6, 5, 6, 0, NULL, NULL, 91),
(303, 1, 1, 0, 0, NULL, NULL, 88),
(303, 8, 8, 19, 5, NULL, NULL, 100),
(303, 5, 11, 28, 2, NULL, NULL, 100),
(303, 11, 7, 10, 1, NULL, NULL, 100),
(303, 13, 8, 3, 0, NULL, NULL, 100),
(303, 2, 1, 1, 0, NULL, NULL, 13),
(303, 7, 10, 56, 0, NULL, NULL, 64),
(303, 12, 15, 30, 7, NULL, NULL, 77),
(303, 4, 2, 3, 0, 1691, 283, 100),
(304, 4, 1, 3, 0, 1634, 288, 100),
(304, 9, 2, 14, 1, NULL, NULL, 100),
(304, 10, 10, 11, 1, NULL, NULL, 100),
(304, 2, 2, 1, 0, NULL, NULL, 13),
(304, 8, 8, 19, 0, NULL, NULL, 100),
(304, 6, 2, 4, 1, NULL, NULL, 91),
(304, 3, 1, 4, 3, NULL, NULL, 100),
(304, 11, 18, 12, 1, NULL, NULL, 100),
(304, 13, 1, 3, 1, NULL, NULL, 100),
(304, 5, 16, 25, 4, NULL, NULL, 100),
(304, 12, 15, 34, 0, NULL, NULL, 77),
(304, 1, 1, 0, 1, NULL, NULL, 88),
(304, 7, 30, 53, 5, NULL, NULL, 64),
(305, 2, 0, 1, 0, NULL, NULL, 13),
(305, 11, 3, 12, 1, NULL, NULL, 100),
(305, 3, 4, 5, 0, NULL, NULL, 100),
(305, 1, 0, 0, 0, NULL, NULL, 88),
(305, 9, 2, 14, 0, NULL, NULL, 100),
(305, 4, 2, 4, 0, 1199, 196, 100),
(305, 5, 9, 29, 1, NULL, NULL, 100),
(305, 10, 2, 12, 1, NULL, NULL, 100),
(305, 7, 12, 53, 1, NULL, NULL, 64),
(305, 12, 12, 34, 3, NULL, NULL, 77),
(305, 13, 3, 3, 1, NULL, NULL, 100),
(305, 8, 4, 16, 1, NULL, NULL, 100),
(305, 6, 1, 4, 0, NULL, NULL, 91),
(306, 9, 2, 12, 1, NULL, NULL, 100),
(306, 10, 4, 13, 2, NULL, NULL, 100),
(306, 4, 1, 5, 0, 698, 141, 100),
(306, 2, 3, 1, 0, NULL, NULL, 13),
(306, 5, 5, 29, 2, NULL, NULL, 100),
(306, 6, 1, 4, 0, NULL, NULL, 91),
(306, 1, 1, 0, 0, NULL, NULL, 88),
(306, 11, 10, 11, 2, NULL, NULL, 100),
(306, 3, 2, 5, 1, NULL, NULL, 100),
(306, 8, 3, 16, 0, NULL, NULL, 100),
(306, 7, 5, 55, 0, NULL, NULL, 64),
(306, 13, 1, 3, 0, NULL, NULL, 100),
(306, 12, 5, 36, 0, NULL, NULL, 77),
(307, 3, 1, 5, 0, NULL, NULL, 100),
(307, 10, 4, 14, 0, NULL, NULL, 100),
(307, 7, 47, 57, 3, NULL, NULL, 64),
(307, 8, 4, 16, 1, NULL, NULL, 100),
(307, 9, 1, 12, 1, NULL, NULL, 100),
(307, 12, 24, 36, 4, NULL, NULL, 77),
(307, 11, 5, 11, 2, NULL, NULL, 100),
(307, 5, 15, 32, 1, NULL, NULL, 100),
(307, 4, 1, 5, 0, 1666, 404, 100),
(307, 2, 2, 1, 0, NULL, NULL, 13),
(307, 6, 19, 3, 4, NULL, NULL, 91),
(307, 13, 0, 3, 0, NULL, NULL, 100),
(307, 1, 1, 0, 0, NULL, NULL, 88),
(308, 11, 4, 10, 1, NULL, NULL, 100),
(308, 12, 11, 37, 0, NULL, NULL, 77),
(308, 8, 12, 20, 3, NULL, NULL, 100),
(308, 6, 6, 3, 1, NULL, NULL, 91),
(308, 4, 4, 6, 2, 1995, 373, 100),
(308, 2, 2, 1, 0, NULL, NULL, 13),
(308, 5, 23, 31, 1, NULL, NULL, 100),
(308, 13, 6, 5, 0, NULL, NULL, 100),
(308, 3, 3, 5, 0, NULL, NULL, 100),
(308, 9, 2, 12, 0, NULL, NULL, 100),
(308, 10, 7, 17, 1, NULL, NULL, 100),
(308, 1, 5, 1, 0, NULL, NULL, 88),
(308, 7, 24, 63, 6, NULL, NULL, 64),
(309, 2, 3, 3, 3, NULL, NULL, 13),
(309, 5, 11, 32, 0, NULL, NULL, 100),
(309, 8, 24, 22, 4, NULL, NULL, 100),
(309, 11, 9, 10, 1, NULL, NULL, 100),
(309, 10, 8, 18, 0, NULL, NULL, 100),
(309, 6, 4, 5, 0, NULL, NULL, 91),
(309, 7, 17, 68, 4, NULL, NULL, 64),
(309, 1, 4, 2, 1, NULL, NULL, 88),
(309, 13, 5, 6, 1, NULL, NULL, 100),
(309, 3, 1, 6, 0, NULL, NULL, 100),
(309, 9, 7, 12, 1, NULL, NULL, 100),
(309, 12, 16, 40, 1, NULL, NULL, 77),
(309, 4, 0, 6, 0, 1911, 316, 100),
(310, 7, 19, 66, 4, NULL, NULL, 64),
(310, 8, 5, 22, 2, NULL, NULL, 100),
(310, 6, 2, 5, 0, NULL, NULL, 91),
(310, 13, 5, 6, 0, NULL, NULL, 100),
(310, 4, 1, 6, 1, 1759, 358, 100),
(310, 10, 9, 20, 4, NULL, NULL, 100),
(310, 11, 13, 8, 1, NULL, NULL, 100),
(310, 1, 1, 2, 1, NULL, NULL, 88),
(310, 2, 4, 3, 0, NULL, NULL, 13),
(310, 5, 7, 29, 5, NULL, NULL, 100),
(310, 12, 15, 42, 0, NULL, NULL, 77),
(310, 9, 6, 9, 3, NULL, NULL, 100),
(310, 3, 7, 6, 1, NULL, NULL, 100),
(311, 4, 1, 6, 0, 1861, 323, 100),
(311, 6, 7, 3, 1, NULL, NULL, 91),
(311, 7, 23, 64, 3, NULL, NULL, 64),
(311, 5, 16, 32, 1, NULL, NULL, 100),
(311, 1, 2, 2, 0, NULL, NULL, 88),
(311, 2, 38, 4, 0, NULL, NULL, 13),
(311, 13, 2, 5, 4, NULL, NULL, 100),
(311, 10, 17, 22, 0, NULL, NULL, 100),
(311, 11, 15, 9, 1, NULL, NULL, 100),
(311, 12, 8, 44, 0, NULL, NULL, 77),
(311, 9, 6, 7, 0, NULL, NULL, 100),
(311, 8, 8, 18, 0, NULL, NULL, 100),
(311, 3, 7, 5, 0, NULL, NULL, 100),
(312, 9, 2, 5, 2, NULL, NULL, 100),
(312, 5, 6, 29, 4, NULL, NULL, 100),
(312, 8, 10, 19, 6, NULL, NULL, 100),
(312, 10, 14, 21, 1, NULL, NULL, 100),
(312, 4, 8, 6, 1, 1174, 231, 100),
(312, 2, 1, 4, 1, NULL, NULL, 13),
(312, 11, 7, 11, 0, NULL, NULL, 100),
(312, 1, 0, 2, 0, NULL, NULL, 88),
(312, 13, 2, 5, 0, NULL, NULL, 100),
(312, 6, 4, 2, 0, NULL, NULL, 91),
(312, 12, 16, 45, 3, NULL, NULL, 77),
(312, 3, 11, 5, 0, NULL, NULL, 100),
(312, 7, 6, 67, 2, NULL, NULL, 64),
(313, 6, 1, 2, 0, NULL, NULL, 91),
(313, 3, 2, 5, 0, NULL, NULL, 100),
(313, 9, 3, 4, 0, NULL, NULL, 100),
(313, 2, 1, 4, 1, NULL, NULL, 13),
(313, 1, 0, 2, 0, NULL, NULL, 88),
(313, 7, 11, 66, 1, NULL, NULL, 64),
(313, 4, 2, 8, 0, 918, 172, 100),
(313, 10, 7, 20, 3, NULL, NULL, 100),
(313, 11, 9, 11, 1, NULL, NULL, 100),
(313, 12, 7, 44, 0, NULL, NULL, 77),
(313, 5, 5, 28, 0, NULL, NULL, 100),
(313, 8, 8, 19, 1, NULL, NULL, 100),
(313, 13, 0, 5, 0, NULL, NULL, 100),
(314, 7, 21, 68, 3, NULL, NULL, 64),
(314, 11, 7, 11, 3, NULL, NULL, 100),
(314, 1, 1, 2, 0, NULL, NULL, 88),
(314, 2, 0, 4, 0, NULL, NULL, 13),
(314, 8, 14, 20, 4, NULL, NULL, 100),
(314, 9, 4, 5, 0, NULL, NULL, 100),
(314, 3, 3, 6, 2, NULL, NULL, 100),
(314, 6, 5, 3, 3, NULL, NULL, 91),
(314, 10, 18, 20, 3, NULL, NULL, 100),
(314, 5, 7, 27, 4, NULL, NULL, 100),
(314, 13, 2, 5, 1, NULL, NULL, 100),
(314, 12, 10, 43, 0, NULL, NULL, 77),
(314, 4, 4, 7, 1, 1773, 449, 100),
(315, 1, 5, 2, 0, NULL, NULL, 88),
(315, 4, 1, 6, 0, 2006, 352, 100),
(315, 6, 6, 3, 0, NULL, NULL, 91),
(315, 12, 29, 44, 6, NULL, NULL, 77),
(315, 13, 1, 4, 3, NULL, NULL, 100),
(315, 2, 3, 5, 0, NULL, NULL, 13),
(315, 11, 12, 11, 4, NULL, NULL, 100),
(315, 7, 82, 64, 8, NULL, NULL, 64),
(315, 9, 4, 6, 0, NULL, NULL, 100),
(315, 8, 6, 21, 2, NULL, NULL, 100),
(315, 10, 4, 21, 3, NULL, NULL, 100),
(315, 5, 6, 30, 1, NULL, NULL, 100),
(315, 3, 3, 6, 2, NULL, NULL, 100),
(316, 13, 1, 4, 1, NULL, NULL, 100),
(316, 7, 39, 68, 3, NULL, NULL, 64),
(316, 5, 13, 32, 7, NULL, NULL, 100),
(316, 8, 10, 21, 3, NULL, NULL, 100),
(316, 11, 25, 11, 3, NULL, NULL, 100),
(316, 4, 6, 8, 0, 1933, 351, 100),
(316, 10, 21, 20, 4, NULL, NULL, 100),
(316, 1, 1, 2, 1, NULL, NULL, 88),
(316, 3, 4, 9, 1, NULL, NULL, 100),
(316, 12, 9, 42, 4, NULL, NULL, 77),
(316, 9, 5, 7, 1, NULL, NULL, 100),
(316, 6, 5, 3, 2, NULL, NULL, 91),
(316, 2, 1, 4, 0, NULL, NULL, 13),
(317, 1, 0, 2, 0, NULL, NULL, 88),
(317, 6, 4, 4, 1, NULL, NULL, 91),
(317, 5, 8, 33, 2, NULL, NULL, 100),
(317, 13, 5, 3, 0, NULL, NULL, 100),
(317, 4, 4, 9, 0, 1726, 348, 100),
(317, 10, 20, 21, 3, NULL, NULL, 100),
(317, 2, 8, 4, 1, NULL, NULL, 13),
(317, 8, 13, 25, 4, NULL, NULL, 100),
(317, 9, 3, 7, 1, NULL, NULL, 100),
(317, 3, 8, 9, 0, NULL, NULL, 100),
(317, 7, 23, 69, 3, NULL, NULL, 64),
(317, 12, 15, 38, 1, NULL, NULL, 77),
(317, 11, 16, 9, 5, NULL, NULL, 100),
(318, 5, 14, 32, 1, NULL, NULL, 100),
(318, 9, 6, 7, 1, NULL, NULL, 100),
(318, 1, 3, 1, 0, NULL, NULL, 88),
(318, 7, 56, 72, 5, NULL, NULL, 64),
(318, 4, 10, 8, 2, 1823, 356, 100),
(318, 2, 14, 4, 0, NULL, NULL, 13),
(318, 6, 7, 5, 5, NULL, NULL, 91),
(318, 10, 10, 21, 2, NULL, NULL, 100),
(318, 11, 14, 9, 2, NULL, NULL, 100),
(318, 12, 29, 46, 6, NULL, NULL, 77),
(318, 8, 14, 28, 4, NULL, NULL, 100),
(318, 13, 1, 2, 1, NULL, NULL, 100),
(318, 3, 2, 8, 1, NULL, NULL, 100),
(319, 7, 15, 74, 2, NULL, NULL, 64),
(319, 10, 10, 21, 2, NULL, NULL, 100),
(319, 9, 5, 7, 1, NULL, NULL, 100),
(319, 12, 19, 46, 2, NULL, NULL, 77),
(319, 8, 7, 28, 2, NULL, NULL, 100),
(319, 2, 1, 3, 0, NULL, NULL, 13),
(319, 11, 7, 9, 1, NULL, NULL, 100),
(319, 6, 3, 4, 0, NULL, NULL, 91),
(319, 5, 8, 31, 1, NULL, NULL, 100),
(319, 13, 4, 3, 0, NULL, NULL, 100),
(319, 1, 1, 1, 0, NULL, NULL, 88),
(319, 4, 0, 8, 0, 1176, 242, 100),
(319, 3, 8, 11, 0, NULL, NULL, 100),
(320, 1, 0, 1, 0, NULL, NULL, 88),
(320, 10, 17, 21, 2, NULL, NULL, 100),
(320, 2, 0, 3, 0, NULL, NULL, 13),
(320, 13, 4, 3, 0, NULL, NULL, 100),
(320, 5, 6, 31, 2, NULL, NULL, 100),
(320, 11, 11, 10, 2, NULL, NULL, 100),
(320, 9, 3, 6, 0, NULL, NULL, 100),
(320, 4, 0, 8, 0, 816, 195, 100),
(320, 3, 2, 11, 1, NULL, NULL, 100),
(320, 6, 2, 4, 0, NULL, NULL, 91),
(320, 7, 3, 75, 1, NULL, NULL, 64),
(320, 12, 7, 46, 4, NULL, NULL, 77),
(320, 8, 3, 28, 2, NULL, NULL, 100),
(321, 4, 4, 9, 0, 1750, 456, 100),
(321, 9, 3, 5, 1, NULL, NULL, 100),
(321, 3, 4, 13, 1, NULL, NULL, 100),
(321, 12, 25, 46, 0, NULL, NULL, 77),
(321, 1, 2, 1, 0, NULL, NULL, 88),
(321, 2, 1, 3, 0, NULL, NULL, 13),
(321, 7, 28, 73, 11, NULL, NULL, 64),
(321, 11, 6, 11, 6, NULL, NULL, 100),
(321, 13, 3, 4, 1, NULL, NULL, 100),
(321, 10, 14, 21, 6, NULL, NULL, 100),
(321, 5, 13, 33, 0, NULL, NULL, 100),
(321, 8, 16, 28, 1, NULL, NULL, 100),
(321, 6, 3, 4, 2, NULL, NULL, 91),
(322, 2, 0, 2, 0, NULL, NULL, 13),
(322, 11, 14, 9, 3, NULL, NULL, 100),
(322, 1, 4, 1, 0, NULL, NULL, 88),
(322, 4, 1, 9, 2, 2189, 404, 100),
(322, 7, 56, 84, 11, NULL, NULL, 64),
(322, 6, 8, 4, 2, NULL, NULL, 91),
(322, 13, 1, 4, 0, NULL, NULL, 100),
(322, 10, 13, 21, 3, NULL, NULL, 100),
(322, 12, 35, 49, 6, NULL, NULL, 77),
(322, 9, 2, 4, 1, NULL, NULL, 100),
(322, 5, 24, 35, 5, NULL, NULL, 100),
(322, 8, 9, 27, 1, NULL, NULL, 100),
(322, 3, 10, 13, 2, NULL, NULL, 100),
(323, 13, 0, 3, 1, NULL, NULL, 100),
(323, 2, 1, 2, 0, NULL, NULL, 13),
(323, 12, 27, 49, 1, NULL, NULL, 77),
(323, 7, 56, 82, 10, NULL, NULL, 64),
(323, 8, 8, 28, 2, NULL, NULL, 100),
(323, 10, 0, 22, 3, NULL, NULL, 100),
(323, 11, 8, 10, 3, NULL, NULL, 100),
(323, 9, 4, 6, 1, NULL, NULL, 100),
(323, 5, 26, 40, 2, NULL, NULL, 100),
(323, 4, 3, 10, 0, 1882, 358, 100),
(323, 3, 9, 14, 2, NULL, NULL, 100),
(323, 1, 8, 1, 0, NULL, NULL, 88),
(323, 6, 3, 2, 0, NULL, NULL, 91),
(324, 2, 5, 2, 0, NULL, NULL, 13),
(324, 12, 26, 52, 3, NULL, NULL, 77),
(324, 5, 16, 38, 3, NULL, NULL, 100),
(324, 1, 0, 1, 0, NULL, NULL, 88),
(324, 13, 1, 2, 2, NULL, NULL, 100),
(324, 10, 22, 21, 4, NULL, NULL, 100),
(324, 11, 7, 11, 2, NULL, NULL, 100),
(324, 3, 2, 14, 5, NULL, NULL, 100),
(324, 7, 24, 74, 19, NULL, NULL, 64),
(324, 6, 2, 3, 0, NULL, NULL, 91),
(324, 4, 7, 9, 0, 1752, 360, 100),
(324, 9, 1, 6, 0, NULL, NULL, 100),
(324, 8, 9, 26, 1, NULL, NULL, 100),
(325, 1, 7, 1, 2, NULL, NULL, 88),
(325, 6, 8, 3, 1, NULL, NULL, 91),
(325, 3, 11, 16, 2, NULL, NULL, 100),
(325, 2, 2, 3, 0, NULL, NULL, 13),
(325, 8, 14, 27, 3, NULL, NULL, 100),
(325, 7, 45, 84, 4, NULL, NULL, 64),
(325, 12, 16, 53, 3, NULL, NULL, 77),
(325, 11, 15, 13, 0, NULL, NULL, 100),
(325, 10, 6, 21, 0, NULL, NULL, 100),
(325, 13, 2, 2, 2, NULL, NULL, 100),
(325, 4, 2, 10, 0, 1719, 296, 100),
(325, 5, 6, 36, 6, NULL, NULL, 100),
(325, 9, 5, 7, 0, NULL, NULL, 100),
(326, 5, 10, 37, 0, NULL, NULL, 100),
(326, 1, 4, 1, 0, NULL, NULL, 88),
(326, 9, 1, 6, 0, NULL, NULL, 100),
(326, 6, 4, 3, 1, NULL, NULL, 91),
(326, 8, 7, 24, 2, NULL, NULL, 100),
(326, 3, 12, 17, 1, NULL, NULL, 100),
(326, 12, 11, 55, 5, NULL, NULL, 77),
(326, 13, 2, 2, 0, NULL, NULL, 100),
(326, 2, 0, 3, 0, NULL, NULL, 13),
(326, 4, 3, 10, 1, 1126, 191, 100),
(326, 10, 23, 21, 3, NULL, NULL, 100),
(326, 7, 8, 86, 0, NULL, NULL, 64),
(326, 11, 7, 14, 0, NULL, NULL, 100),
(327, 8, 3, 24, 4, NULL, NULL, 100),
(327, 13, 1, 2, 0, NULL, NULL, 100),
(327, 5, 13, 39, 0, NULL, NULL, 100),
(327, 7, 4, 86, 0, NULL, NULL, 64),
(327, 10, 7, 25, 0, NULL, NULL, 100),
(327, 2, 0, 3, 0, NULL, NULL, 13),
(327, 1, 0, 1, 1, NULL, NULL, 88),
(327, 11, 6, 15, 0, NULL, NULL, 100),
(327, 4, 0, 10, 0, 790, 171, 100),
(327, 6, 0, 3, 0, NULL, NULL, 91),
(327, 3, 2, 17, 0, NULL, NULL, 100),
(327, 9, 2, 6, 1, NULL, NULL, 100),
(327, 12, 13, 55, 2, NULL, NULL, 77),
(328, 3, 7, 15, 3, NULL, NULL, 100),
(328, 6, 7, 3, 3, NULL, NULL, 91),
(328, 5, 18, 40, 3, NULL, NULL, 100),
(328, 8, 10, 24, 0, NULL, NULL, 100),
(328, 13, 1, 2, 0, NULL, NULL, 100),
(328, 10, 5, 27, 2, NULL, NULL, 100),
(328, 9, 2, 7, 0, NULL, NULL, 100),
(328, 4, 3, 10, 0, 1893, 460, 100),
(328, 7, 34, 92, 7, NULL, NULL, 64),
(328, 11, 7, 16, 3, NULL, NULL, 100),
(328, 2, 4, 3, 0, NULL, NULL, 13),
(328, 1, 5, 1, 0, NULL, NULL, 88),
(328, 12, 16, 61, 2, NULL, NULL, 77),
(329, 10, 6, 23, 6, NULL, NULL, 100),
(329, 9, 4, 6, 2, NULL, NULL, 100),
(329, 2, 4, 3, 0, NULL, NULL, 13),
(329, 3, 5, 17, 1, NULL, NULL, 100),
(329, 8, 8, 22, 6, NULL, NULL, 100),
(329, 12, 29, 52, 1, NULL, NULL, 77),
(329, 13, 1, 2, 0, NULL, NULL, 100),
(329, 4, 6, 9, 1, 1931, 439, 100),
(329, 1, 2, 1, 3, NULL, NULL, 88),
(329, 11, 8, 16, 5, NULL, NULL, 100),
(329, 5, 5, 39, 1, NULL, NULL, 100),
(329, 6, 7, 2, 3, NULL, NULL, 91),
(329, 7, 61, 85, 14, NULL, NULL, 64),
(330, 7, 45, 85, 6, NULL, NULL, 64),
(330, 4, 4, 9, 0, 1525, 297, 100),
(330, 11, 4, 14, 1, NULL, NULL, 100),
(330, 13, 1, 2, 2, NULL, NULL, 100),
(330, 10, 3, 23, 3, NULL, NULL, 100),
(330, 8, 5, 21, 4, NULL, NULL, 100),
(330, 2, 3, 2, 0, NULL, NULL, 13),
(330, 9, 2, 6, 0, NULL, NULL, 100),
(330, 5, 15, 41, 3, NULL, NULL, 100),
(330, 1, 7, 1, 0, NULL, NULL, 88),
(330, 6, 8, 3, 2, NULL, NULL, 91),
(330, 12, 20, 52, 5, NULL, NULL, 77),
(330, 3, 4, 17, 0, NULL, NULL, 100),
(331, 3, 1, 17, 0, NULL, NULL, 100),
(331, 11, 12, 15, 6, NULL, NULL, 100),
(331, 13, 3, 2, 0, NULL, NULL, 100),
(331, 10, 8, 23, 1, NULL, NULL, 100),
(331, 4, 1, 9, 1, 1618, 371, 100),
(331, 2, 0, 2, 0, NULL, NULL, 13),
(331, 5, 17, 41, 5, NULL, NULL, 100),
(331, 6, 9, 3, 0, NULL, NULL, 91),
(331, 1, 2, 1, 1, NULL, NULL, 88),
(331, 7, 34, 87, 9, NULL, NULL, 64),
(331, 9, 4, 4, 2, NULL, NULL, 100),
(331, 12, 22, 51, 3, NULL, NULL, 77),
(331, 8, 2, 20, 2, NULL, NULL, 100),
(332, 13, 4, 2, 0, NULL, NULL, 100),
(332, 9, 2, 6, 1, NULL, NULL, 100),
(332, 5, 10, 41, 5, NULL, NULL, 100),
(332, 2, 5, 2, 1, NULL, NULL, 13),
(332, 8, 12, 20, 1, NULL, NULL, 100),
(332, 1, 5, 1, 0, NULL, NULL, 88),
(332, 12, 16, 54, 5, NULL, NULL, 77),
(332, 6, 2, 4, 0, NULL, NULL, 91),
(332, 4, 1, 9, 0, 1405, 320, 100),
(332, 10, 6, 23, 2, NULL, NULL, 100),
(332, 7, 31, 86, 2, NULL, NULL, 64),
(332, 11, 1, 16, 2, NULL, NULL, 100),
(332, 3, 1, 16, 4, NULL, NULL, 100),
(333, 4, 1, 7, 2, 1085, 199, 100),
(333, 11, 5, 16, 1, NULL, NULL, 100),
(333, 2, 4, 2, 0, NULL, NULL, 13),
(333, 8, 7, 18, 3, NULL, NULL, 100),
(333, 9, 0, 5, 0, NULL, NULL, 100),
(333, 13, 1, 2, 1, NULL, NULL, 100),
(333, 6, 2, 4, 0, NULL, NULL, 91),
(333, 7, 29, 84, 5, NULL, NULL, 64),
(333, 3, 5, 16, 1, NULL, NULL, 100),
(333, 12, 18, 56, 4, NULL, NULL, 77),
(333, 1, 2, 1, 0, NULL, NULL, 88),
(333, 5, 13, 42, 2, NULL, NULL, 100),
(333, 10, 13, 24, 0, NULL, NULL, 100),
(334, 13, 0, 2, 0, NULL, NULL, 100),
(334, 5, 2, 42, 1, NULL, NULL, 100),
(334, 7, 8, 83, 3, NULL, NULL, 64),
(334, 11, 6, 16, 1, NULL, NULL, 100),
(334, 3, 1, 16, 0, NULL, NULL, 100),
(334, 12, 13, 57, 1, NULL, NULL, 77),
(334, 4, 0, 7, 0, 651, 167, 100),
(334, 1, 0, 1, 1, NULL, NULL, 88),
(334, 9, 2, 5, 0, NULL, NULL, 100),
(334, 6, 0, 4, 0, NULL, NULL, 91),
(334, 8, 1, 18, 2, NULL, NULL, 100),
(334, 10, 5, 24, 0, NULL, NULL, 100),
(334, 2, 2, 2, 0, NULL, NULL, 13),
(335, 13, 0, 2, 0, NULL, NULL, 100),
(335, 3, 2, 15, 3, NULL, NULL, 100),
(335, 8, 10, 21, 2, NULL, NULL, 100),
(335, 12, 11, 58, 10, NULL, NULL, 77),
(335, 1, 0, 1, 1, NULL, NULL, 88),
(335, 7, 26, 87, 11, NULL, NULL, 64),
(335, 9, 1, 5, 3, NULL, NULL, 100),
(335, 4, 1, 7, 0, 1431, 413, 100),
(335, 5, 4, 41, 2, NULL, NULL, 100),
(335, 10, 5, 26, 4, NULL, NULL, 100),
(335, 11, 5, 17, 4, NULL, NULL, 100),
(335, 6, 1, 2, 1, NULL, NULL, 91),
(335, 2, 1, 3, 1, NULL, NULL, 13),
(336, 2, 2, 2, 0, NULL, NULL, 13),
(336, 5, 14, 40, 2, NULL, NULL, 100),
(336, 3, 7, 15, 1, NULL, NULL, 100),
(336, 6, 4, 4, 0, NULL, NULL, 91),
(336, 1, 2, 0, 1, NULL, NULL, 88),
(336, 4, 2, 6, 1, 1857, 352, 100),
(336, 7, 20, 85, 7, NULL, NULL, 64),
(336, 13, 1, 2, 0, NULL, NULL, 100),
(336, 9, 2, 4, 0, NULL, NULL, 100),
(336, 10, 6, 23, 3, NULL, NULL, 100),
(336, 12, 15, 60, 4, NULL, NULL, 77),
(336, 11, 5, 15, 3, NULL, NULL, 100),
(336, 8, 3, 21, 2, NULL, NULL, 100),
(337, 5, 6, 39, 1, NULL, NULL, 100),
(337, 13, 1, 3, 0, NULL, NULL, 100),
(337, 8, 10, 19, 6, NULL, NULL, 100),
(337, 9, 1, 4, 1, NULL, NULL, 100),
(337, 10, 5, 24, 1, NULL, NULL, 100),
(337, 7, 38, 92, 3, NULL, NULL, 64),
(337, 12, 8, 56, 10, NULL, NULL, 77),
(337, 3, 5, 14, 3, NULL, NULL, 100),
(337, 4, 7, 6, 0, 1559, 311, 100),
(337, 11, 8, 15, 2, NULL, NULL, 100),
(337, 1, 0, 1, 1, NULL, NULL, 88),
(337, 2, 2, 2, 0, NULL, NULL, 13),
(337, 6, 2, 4, 2, NULL, NULL, 91),
(338, 5, 1, 36, 0, NULL, NULL, 100),
(338, 7, 23, 100, 3, NULL, NULL, 64),
(338, 9, 2, 5, 0, NULL, NULL, 100),
(338, 4, 5, 6, 1, 1490, 272, 100),
(338, 3, 1, 12, 1, NULL, NULL, 100),
(338, 11, 5, 16, 3, NULL, NULL, 100),
(338, 1, 1, 1, 0, NULL, NULL, 88),
(338, 12, 18, 54, 2, NULL, NULL, 77),
(338, 8, 3, 19, 0, NULL, NULL, 100),
(338, 6, 3, 4, 0, NULL, NULL, 91),
(338, 2, 1, 2, 1, NULL, NULL, 13),
(338, 10, 2, 24, 0, NULL, NULL, 100),
(338, 13, 0, 3, 0, NULL, NULL, 100),
(339, 2, 4, 3, 0, NULL, NULL, 13),
(339, 4, 3, 5, 0, 1543, 328, 100),
(339, 5, 15, 33, 2, NULL, NULL, 100),
(339, 10, 1, 20, 2, NULL, NULL, 100),
(339, 8, 5, 19, 1, NULL, NULL, 100),
(339, 11, 7, 14, 2, NULL, NULL, 100),
(339, 9, 2, 5, 0, NULL, NULL, 100),
(339, 13, 2, 2, 1, NULL, NULL, 100),
(339, 3, 0, 11, 0, NULL, NULL, 100),
(339, 1, 7, 2, 0, NULL, NULL, 88),
(339, 12, 11, 58, 2, NULL, NULL, 77),
(339, 6, 4, 4, 2, NULL, NULL, 91),
(339, 7, 6, 98, 2, NULL, NULL, 64),
(340, 3, 7, 10, 3, NULL, NULL, 100),
(340, 1, 0, 2, 1, NULL, NULL, 88),
(340, 9, 0, 4, 0, NULL, NULL, 100),
(340, 13, 0, 2, 0, NULL, NULL, 100),
(340, 6, 0, 3, 0, NULL, NULL, 91),
(340, 12, 9, 56, 1, NULL, NULL, 77),
(340, 2, 0, 3, 0, NULL, NULL, 13),
(340, 8, 3, 19, 2, NULL, NULL, 100);
INSERT INTO `donnees` (`id_jour`, `id_dpt`, `nbhosp`, `nbintens`, `nbdeces`, `nbhospfr`, `nbdecesfr`, `reacapacite`) VALUES
(340, 11, 0, 14, 0, NULL, NULL, 100),
(340, 10, 10, 20, 1, NULL, NULL, 100),
(340, 5, 6, 31, 4, NULL, NULL, 100),
(340, 7, 34, 102, 8, NULL, NULL, 64),
(340, 4, 10, 7, 0, 1029, 183, 100),
(341, 8, 1, 19, 0, NULL, NULL, 100),
(341, 7, 2, 103, 0, NULL, NULL, 64),
(341, 2, 3, 3, 0, NULL, NULL, 13),
(341, 5, 6, 35, 1, NULL, NULL, 100),
(341, 13, 1, 2, 0, NULL, NULL, 100),
(341, 12, 5, 57, 1, NULL, NULL, 77),
(341, 11, 1, 14, 3, NULL, NULL, 100),
(341, 1, 2, 2, 0, NULL, NULL, 88),
(341, 6, 0, 3, 0, NULL, NULL, 91),
(341, 3, 1, 10, 0, NULL, NULL, 100),
(341, 4, 0, 7, 0, 593, 160, 100),
(341, 9, 0, 4, 0, NULL, NULL, 100),
(341, 10, 2, 19, 0, NULL, NULL, 100),
(342, 6, 6, 5, 1, NULL, NULL, 91),
(342, 3, 4, 10, 1, NULL, NULL, 100),
(342, 5, 5, 37, 0, NULL, NULL, 100),
(342, 10, 4, 20, 2, NULL, NULL, 100),
(342, 8, 10, 21, 2, NULL, NULL, 100),
(342, 12, 16, 56, 6, NULL, NULL, 77),
(342, 4, 1, 8, 1, 1529, 334, 100),
(342, 2, 2, 3, 0, NULL, NULL, 13),
(342, 13, 1, 2, 0, NULL, NULL, 100),
(342, 9, 0, 4, 0, NULL, NULL, 100),
(342, 7, 34, 105, 3, NULL, NULL, 64),
(342, 1, 3, 3, 0, NULL, NULL, 88),
(342, 11, 11, 14, 3, NULL, NULL, 100),
(343, 9, 0, 4, 0, NULL, NULL, 100),
(343, 11, 11, 12, 2, NULL, NULL, 100),
(343, 10, 5, 20, 1, NULL, NULL, 100),
(343, 12, 29, 54, 2, NULL, NULL, 77),
(343, 3, 4, 12, 0, NULL, NULL, 100),
(343, 13, 2, 2, 0, NULL, NULL, 100),
(343, 8, 4, 20, 1, NULL, NULL, 100),
(343, 1, 1, 3, 1, NULL, NULL, 88),
(343, 4, 2, 8, 0, 1780, 314, 100),
(343, 5, 7, 37, 2, NULL, NULL, 100),
(343, 7, 28, 100, 5, NULL, NULL, 64),
(343, 2, 2, 3, 0, NULL, NULL, 13),
(343, 6, 3, 6, 1, NULL, NULL, 91),
(344, 9, 4, 5, 0, NULL, NULL, 100),
(344, 10, 6, 17, 2, NULL, NULL, 100),
(344, 12, 15, 54, 5, NULL, NULL, 77),
(344, 3, 2, 13, 0, NULL, NULL, 100),
(344, 11, 1, 12, 0, NULL, NULL, 100),
(344, 2, 1, 3, 0, NULL, NULL, 13),
(344, 4, 2, 7, 2, 1636, 278, 100),
(344, 6, 4, 6, 1, NULL, NULL, 91),
(344, 7, 15, 80, 8, NULL, NULL, 64),
(344, 8, 3, 18, 1, NULL, NULL, 100),
(344, 1, 2, 3, 0, NULL, NULL, 88),
(344, 13, 0, 2, 0, NULL, NULL, 100),
(344, 5, 13, 39, 0, NULL, NULL, 100),
(345, 3, 3, 14, 1, NULL, NULL, 100),
(345, 12, 15, 54, 3, NULL, NULL, 77),
(345, 9, 11, 7, 0, NULL, NULL, 100),
(345, 10, 11, 17, 1, NULL, NULL, 100),
(345, 5, 9, 37, 2, NULL, NULL, 100),
(345, 11, 10, 10, 1, NULL, NULL, 100),
(345, 2, 1, 4, 1, NULL, NULL, 13),
(345, 6, 1, 5, 1, NULL, NULL, 91),
(345, 7, 19, 74, 2, NULL, NULL, 64),
(345, 1, 1, 4, 0, NULL, NULL, 88),
(345, 8, 4, 18, 0, NULL, NULL, 100),
(345, 13, 2, 2, 1, NULL, NULL, 100),
(345, 4, 1, 7, 0, 1454, 261, 100),
(346, 7, 20, 73, 3, NULL, NULL, 64),
(346, 5, 11, 39, 1, NULL, NULL, 100),
(346, 6, 4, 3, 1, NULL, NULL, 91),
(346, 2, 8, 4, 2, NULL, NULL, 13),
(346, 3, 8, 15, 1, NULL, NULL, 100),
(346, 12, 20, 55, 2, NULL, NULL, 77),
(346, 4, 5, 6, 0, 1634, 286, 100),
(346, 1, 0, 4, 1, NULL, NULL, 88),
(346, 11, 5, 10, 2, NULL, NULL, 100),
(346, 10, 4, 16, 0, NULL, NULL, 100),
(346, 9, 6, 8, 1, NULL, NULL, 100),
(346, 8, 1, 19, 0, NULL, NULL, 100),
(346, 13, 1, 3, 0, NULL, NULL, 100),
(347, 2, 3, 4, 0, NULL, NULL, 13),
(347, 12, 11, 56, 3, NULL, NULL, 77),
(347, 10, 3, 16, 2, NULL, NULL, 100),
(347, 5, 7, 42, 2, NULL, NULL, 100),
(347, 7, 35, 76, 2, NULL, NULL, 64),
(347, 11, 2, 10, 1, NULL, NULL, 100),
(347, 8, 1, 19, 0, NULL, NULL, 100),
(347, 1, 0, 3, 1, NULL, NULL, 88),
(347, 4, 0, 6, 1, 1007, 186, 100),
(347, 3, 1, 12, 1, NULL, NULL, 100),
(347, 6, 0, 3, 1, NULL, NULL, 91),
(347, 9, 8, 8, 0, NULL, NULL, 100),
(347, 13, 0, 3, 0, NULL, NULL, 100),
(348, 9, 3, 8, 0, NULL, NULL, 100),
(348, 4, 0, 6, 0, 728, 122, 100),
(348, 8, 2, 19, 1, NULL, NULL, 100),
(348, 5, 10, 40, 2, NULL, NULL, 100),
(348, 13, 0, 3, 0, NULL, NULL, 100),
(348, 1, 0, 3, 0, NULL, NULL, 88),
(348, 11, 7, 11, 2, NULL, NULL, 100),
(348, 2, 2, 4, 0, NULL, NULL, 13),
(348, 6, 0, 3, 0, NULL, NULL, 91),
(348, 3, 2, 14, 0, NULL, NULL, 100),
(348, 10, 6, 17, 0, NULL, NULL, 100),
(348, 7, 0, 76, 0, NULL, NULL, 64),
(348, 12, 11, 58, 1, NULL, NULL, 77),
(349, 2, 1, 3, 0, NULL, NULL, 13),
(349, 11, 3, 11, 0, NULL, NULL, 100),
(349, 13, 0, 3, 0, NULL, NULL, 100),
(349, 12, 22, 61, 3, NULL, NULL, 77),
(349, 3, 5, 13, 1, NULL, NULL, 100),
(349, 6, 8, 4, 0, NULL, NULL, 91),
(349, 9, 3, 8, 1, NULL, NULL, 100),
(349, 4, 0, 6, 0, 1393, 379, 100),
(349, 7, 14, 74, 1, NULL, NULL, 64),
(349, 10, 1, 15, 1, NULL, NULL, 100),
(349, 8, 5, 18, 2, NULL, NULL, 100),
(349, 5, 5, 40, 1, NULL, NULL, 100),
(349, 1, 2, 3, 0, NULL, NULL, 88),
(350, 13, 3, 3, 0, NULL, NULL, 100),
(350, 9, 2, 7, 0, NULL, NULL, 100),
(350, 6, 6, 6, 2, NULL, NULL, 91),
(350, 7, 28, 75, 5, NULL, NULL, 64),
(350, 3, 1, 13, 0, NULL, NULL, 100),
(350, 11, 2, 10, 1, NULL, NULL, 100),
(350, 2, 0, 4, 0, NULL, NULL, 13),
(350, 4, 1, 5, 0, 1705, 301, 100),
(350, 12, 14, 61, 3, NULL, NULL, 77),
(350, 5, 6, 35, 5, NULL, NULL, 100),
(350, 8, 9, 17, 1, NULL, NULL, 100),
(350, 10, 6, 14, 3, NULL, NULL, 100),
(350, 1, 5, 5, 0, NULL, NULL, 88),
(351, 12, 13, 62, 6, NULL, NULL, 77),
(351, 11, 4, 11, 3, NULL, NULL, 100),
(351, 1, 27, 5, 7, NULL, NULL, 88),
(351, 6, 4, 6, 0, NULL, NULL, 91),
(351, 3, 0, 13, 0, NULL, NULL, 100),
(351, 8, 5, 19, 0, NULL, NULL, 100),
(351, 13, 3, 2, 1, NULL, NULL, 100),
(351, 4, 0, 5, 0, 1622, 326, 100),
(351, 10, 1, 17, 3, NULL, NULL, 100),
(351, 2, 4, 4, 3, NULL, NULL, 13),
(351, 5, 14, 37, 3, NULL, NULL, 100),
(351, 9, 2, 7, 0, NULL, NULL, 100),
(351, 7, 21, 70, 4, NULL, NULL, 64),
(352, 2, 1, 4, 0, NULL, NULL, 13),
(352, 4, 1, 5, 0, 1538, 295, 100),
(352, 6, 1, 5, 0, NULL, NULL, 91),
(352, 5, 3, 33, 1, NULL, NULL, 100),
(352, 1, 3, 4, 0, NULL, NULL, 88),
(352, 8, 2, 19, 0, NULL, NULL, 100),
(352, 11, 7, 10, 4, NULL, NULL, 100),
(352, 13, 3, 2, 0, NULL, NULL, 100),
(352, 12, 18, 57, 6, NULL, NULL, 77),
(352, 9, 3, 7, 0, NULL, NULL, 100),
(352, 10, 4, 17, 2, NULL, NULL, 100),
(352, 7, 33, 60, 3, NULL, NULL, 64),
(352, 3, 3, 14, 1, NULL, NULL, 100),
(353, 11, 1, 10, 3, NULL, NULL, 100),
(353, 1, 0, 4, 1, NULL, NULL, 88),
(353, 3, 1, 14, 0, NULL, NULL, 100),
(353, 10, 0, 17, 0, NULL, NULL, 100),
(353, 6, 3, 6, 0, NULL, NULL, 91),
(353, 2, 1, 4, 0, NULL, NULL, 13),
(353, 5, 7, 37, 0, NULL, NULL, 100),
(353, 7, 20, 67, 3, NULL, NULL, 64),
(353, 8, 5, 17, 1, NULL, NULL, 100),
(353, 4, 0, 5, 0, 1397, 239, 100),
(353, 13, 3, 2, 0, NULL, NULL, 100),
(353, 12, 16, 52, 8, NULL, NULL, 77),
(353, 9, 0, 7, 0, NULL, NULL, 100),
(354, 6, 1, 6, 0, NULL, NULL, 91),
(354, 5, 5, 36, 2, NULL, NULL, 100),
(354, 11, 3, 10, 0, NULL, NULL, 100),
(354, 2, 0, 4, 1, NULL, NULL, 13),
(354, 3, 3, 14, 2, NULL, NULL, 100),
(354, 10, 4, 18, 0, NULL, NULL, 100),
(354, 8, 2, 17, 0, NULL, NULL, 100),
(354, 4, 3, 6, 0, 1097, 173, 100),
(354, 13, 1, 3, 0, NULL, NULL, 100),
(354, 1, 0, 4, 0, NULL, NULL, 88),
(354, 12, 10, 53, 1, NULL, NULL, 77),
(354, 7, 20, 64, 1, NULL, NULL, 64),
(354, 9, 2, 7, 1, NULL, NULL, 100),
(355, 6, 0, 6, 0, NULL, NULL, 91),
(355, 13, 1, 3, 0, NULL, NULL, 100),
(355, 11, 2, 10, 0, NULL, NULL, 100),
(355, 7, 3, 64, 1, NULL, NULL, 64),
(355, 5, 10, 36, 0, NULL, NULL, 100),
(355, 1, 1, 4, 0, NULL, NULL, 88),
(355, 3, 3, 14, 0, NULL, NULL, 100),
(355, 9, 2, 7, 0, NULL, NULL, 100),
(355, 10, 1, 18, 0, NULL, NULL, 100),
(355, 8, 1, 17, 0, NULL, NULL, 100),
(355, 2, 3, 4, 0, NULL, NULL, 13),
(355, 12, 5, 52, 3, NULL, NULL, 77),
(355, 4, 0, 6, 0, 720, 130, 100),
(356, 5, 11, 40, 1, NULL, NULL, 100),
(356, 3, 2, 14, 0, NULL, NULL, 100),
(356, 13, 0, 3, 0, NULL, NULL, 100),
(356, 2, 2, 3, 0, NULL, NULL, 13),
(356, 7, 4, 63, 1, NULL, NULL, 64),
(356, 10, 1, 17, 0, NULL, NULL, 100),
(356, 4, 1, 6, 0, 1584, 360, 100),
(356, 11, 5, 9, 4, NULL, NULL, 100),
(356, 8, 11, 16, 3, NULL, NULL, 100),
(356, 9, 1, 7, 1, NULL, NULL, 100),
(356, 6, 4, 6, 2, NULL, NULL, 91),
(356, 12, 22, 54, 4, NULL, NULL, 77),
(356, 1, 2, 4, 3, NULL, NULL, 88),
(357, 8, 6, 16, 0, NULL, NULL, 100),
(357, 3, 2, 15, 1, NULL, NULL, 100),
(357, 4, 0, 6, 0, 1810, 299, 100),
(357, 5, 9, 41, 0, NULL, NULL, 100),
(357, 2, 0, 2, 0, NULL, NULL, 13),
(357, 12, 18, 53, 2, NULL, NULL, 77),
(357, 11, 2, 8, 1, NULL, NULL, 100),
(357, 9, 1, 6, 1, NULL, NULL, 100),
(357, 10, 4, 19, 1, NULL, NULL, 100),
(357, 7, 28, 64, 0, NULL, NULL, 64),
(357, 13, 0, 3, 0, NULL, NULL, 100),
(357, 1, 1, 4, 0, NULL, NULL, 88),
(357, 6, 7, 6, 1, NULL, NULL, 91),
(358, 6, 4, 4, 1, NULL, NULL, 91),
(358, 5, 16, 42, 1, NULL, NULL, 100),
(358, 8, 4, 20, 0, NULL, NULL, 100),
(358, 4, 2, 7, 0, 1574, 266, 100),
(358, 12, 7, 58, 1, NULL, NULL, 77),
(358, 10, 3, 20, 1, NULL, NULL, 100),
(358, 9, 2, 8, 0, NULL, NULL, 100),
(358, 2, 1, 1, 0, NULL, NULL, 13),
(358, 1, 2, 4, 1, NULL, NULL, 88),
(358, 13, 1, 3, 0, NULL, NULL, 100),
(358, 7, 34, 65, 5, NULL, NULL, 64),
(358, 11, 5, 9, 1, NULL, NULL, 100),
(358, 3, 4, 16, 0, NULL, NULL, 100),
(359, 3, 3, 16, 0, NULL, NULL, 100),
(359, 9, 1, 9, 0, NULL, NULL, 100),
(359, 12, 19, 62, 4, NULL, NULL, 77),
(359, 6, 5, 4, 0, NULL, NULL, 91),
(359, 10, 2, 22, 0, NULL, NULL, 100),
(359, 13, 0, 3, 0, NULL, NULL, 100),
(359, 11, 7, 10, 3, NULL, NULL, 100),
(359, 7, 11, 72, 0, NULL, NULL, 64),
(359, 8, 4, 20, 1, NULL, NULL, 100),
(359, 4, 1, 7, 0, 1609, 266, 100),
(359, 2, 0, 1, 0, NULL, NULL, 13),
(359, 5, 8, 43, 1, NULL, NULL, 100),
(359, 1, 0, 4, 0, NULL, NULL, 88),
(360, 10, 2, 22, 1, NULL, NULL, 100),
(360, 12, 10, 60, 2, NULL, NULL, 77),
(360, 5, 17, 46, 1, NULL, NULL, 100),
(360, 7, 22, 72, 3, NULL, NULL, 64),
(360, 11, 1, 10, 1, NULL, NULL, 100),
(360, 9, 1, 10, 1, NULL, NULL, 100),
(360, 2, 1, 2, 0, NULL, NULL, 13),
(360, 8, 4, 20, 0, NULL, NULL, 100),
(360, 4, 1, 8, 0, 1448, 228, 100),
(360, 3, 3, 13, 2, NULL, NULL, 100),
(360, 6, 3, 4, 0, NULL, NULL, 91),
(360, 1, 1, 3, 0, NULL, NULL, 88),
(360, 13, 1, 2, 1, NULL, NULL, 100),
(361, 11, 1, 10, 1, NULL, NULL, 100),
(361, 5, 13, 43, 1, NULL, NULL, 100),
(361, 2, 0, 2, 0, NULL, NULL, 13),
(361, 4, 0, 6, 0, 1087, 174, 100),
(361, 6, 6, 4, 1, NULL, NULL, 91),
(361, 9, 0, 9, 0, NULL, NULL, 100),
(361, 1, 0, 3, 0, NULL, NULL, 88),
(361, 3, 2, 13, 1, NULL, NULL, 100),
(361, 10, 4, 21, 0, NULL, NULL, 100),
(361, 12, 9, 59, 2, NULL, NULL, 77),
(361, 7, 15, 71, 4, NULL, NULL, 64),
(361, 13, 3, 2, 0, NULL, NULL, 100),
(361, 8, 2, 18, 1, NULL, NULL, 100),
(362, 7, 6, 73, 1, NULL, NULL, 64),
(362, 8, 1, 19, 0, NULL, NULL, 100),
(362, 2, 0, 2, 0, NULL, NULL, 13),
(362, 12, 12, 61, 0, NULL, NULL, 77),
(362, 4, 0, 6, 0, 821, 140, 100),
(362, 5, 10, 43, 2, NULL, NULL, 100),
(362, 3, 3, 13, 0, NULL, NULL, 100),
(362, 11, 1, 10, 0, NULL, NULL, 100),
(362, 1, 0, 3, 0, NULL, NULL, 88),
(362, 6, 1, 4, 0, NULL, NULL, 91),
(362, 10, 3, 20, 1, NULL, NULL, 100),
(362, 9, 1, 9, 0, NULL, NULL, 100),
(362, 13, 1, 2, 1, NULL, NULL, 100),
(363, 8, 4, 17, 4, NULL, NULL, 100),
(363, 3, 3, 13, 0, NULL, NULL, 100),
(363, 1, 3, 4, 0, NULL, NULL, 88),
(363, 13, 2, 2, 0, NULL, NULL, 100),
(363, 6, 7, 5, 0, NULL, NULL, 91),
(363, 2, 2, 2, 0, NULL, NULL, 13),
(363, 10, 5, 19, 3, NULL, NULL, 100),
(363, 11, 6, 11, 0, NULL, NULL, 100),
(363, 4, 3, 6, 2, 1676, 333, 100),
(363, 9, 2, 10, 0, NULL, NULL, 100),
(363, 12, 13, 64, 0, NULL, NULL, 77),
(363, 5, 16, 44, 1, NULL, NULL, 100),
(363, 7, 28, 80, 1, NULL, NULL, 64),
(364, 11, 0, 11, 0, NULL, NULL, 100),
(364, 9, 3, 10, 2, NULL, NULL, 100),
(364, 7, 30, 79, 4, NULL, NULL, 64),
(364, 12, 11, 62, 3, NULL, NULL, 77),
(364, 6, 4, 5, 0, NULL, NULL, 91),
(364, 4, 4, 7, 0, 2005, 320, 100),
(364, 10, 6, 19, 1, NULL, NULL, 100),
(364, 5, 22, 41, 5, NULL, NULL, 100),
(364, 3, 3, 13, 0, NULL, NULL, 100),
(364, 8, 4, 18, 1, NULL, NULL, 100),
(364, 13, 2, 2, 0, NULL, NULL, 100),
(364, 1, 0, 5, 0, NULL, NULL, 88),
(364, 2, 0, 1, 2, NULL, NULL, 13),
(365, 5, 19, 44, 1, NULL, NULL, 100),
(365, 3, 5, 15, 0, NULL, NULL, 100),
(365, 2, 2, 2, 2, NULL, NULL, 13),
(365, 10, 5, 17, 2, NULL, NULL, 100),
(365, 13, 1, 2, 1, NULL, NULL, 100),
(365, 8, 3, 16, 0, NULL, NULL, 100),
(365, 9, 2, 10, 0, NULL, NULL, 100),
(365, 11, 8, 11, 1, NULL, NULL, 100),
(365, 12, 13, 63, 2, NULL, NULL, 77),
(365, 7, 16, 74, 2, NULL, NULL, 64),
(365, 4, 1, 6, 0, 1745, 246, 100),
(365, 1, 4, 5, 0, NULL, NULL, 88),
(365, 6, 5, 5, 0, NULL, NULL, 91),
(366, 7, 12, 69, 1, NULL, NULL, 64),
(366, 3, 8, 15, 0, NULL, NULL, 100),
(366, 5, 8, 48, 0, NULL, NULL, 100),
(366, 9, 0, 9, 1, NULL, NULL, 100),
(366, 1, 2, 5, 0, NULL, NULL, 88),
(366, 12, 12, 64, 1, NULL, NULL, 77),
(366, 2, 0, 2, 0, NULL, NULL, 13),
(366, 13, 3, 3, 0, NULL, NULL, 100),
(366, 10, 1, 17, 1, NULL, NULL, 100),
(366, 4, 1, 6, 0, 1661, 273, 100),
(366, 8, 7, 14, 0, NULL, NULL, 100),
(366, 6, 1, 3, 0, NULL, NULL, 91),
(366, 11, 6, 11, 0, NULL, NULL, 100),
(367, 3, 4, 14, 1, NULL, NULL, 100),
(367, 1, 2, 5, 0, NULL, NULL, 88),
(367, 6, 3, 4, 0, NULL, NULL, 91),
(367, 9, 1, 7, 0, NULL, NULL, 100),
(367, 5, 11, 48, 4, NULL, NULL, 100),
(367, 11, 3, 12, 2, NULL, NULL, 100),
(367, 13, 2, 3, 0, NULL, NULL, 100),
(367, 7, 19, 63, 9, NULL, NULL, 64),
(367, 10, 5, 18, 0, NULL, NULL, 100),
(367, 2, 4, 2, 0, NULL, NULL, 13),
(367, 12, 8, 64, 1, NULL, NULL, 77),
(367, 8, 5, 16, 0, NULL, NULL, 100),
(367, 4, 3, 6, 0, 1699, 297, 100),
(368, 13, 3, 3, 0, NULL, NULL, 100),
(368, 10, 4, 20, 0, NULL, NULL, 100),
(368, 7, 12, 67, 1, NULL, NULL, 64),
(368, 4, 0, 6, 0, 1348, 185, 100),
(368, 6, 2, 4, 0, NULL, NULL, 91),
(368, 3, 3, 15, 1, NULL, NULL, 100),
(368, 2, 0, 3, 0, NULL, NULL, 13),
(368, 11, 4, 12, 0, NULL, NULL, 100),
(368, 8, 5, 18, 2, NULL, NULL, 100),
(368, 5, 8, 49, 2, NULL, NULL, 100),
(368, 1, 2, 5, 0, NULL, NULL, 88),
(368, 12, 19, 64, 2, NULL, NULL, 77),
(368, 9, 2, 7, 0, NULL, NULL, 100),
(369, 8, 1, 19, 0, NULL, NULL, 100),
(369, 11, 3, 12, 0, NULL, NULL, 100),
(369, 9, 4, 8, 0, NULL, NULL, 100),
(369, 7, 4, 66, 2, NULL, NULL, 64),
(369, 3, 3, 15, 1, NULL, NULL, 100),
(369, 4, 0, 6, 0, 926, 138, 100),
(369, 5, 6, 50, 1, NULL, NULL, 100),
(369, 13, 1, 2, 0, NULL, NULL, 100),
(369, 6, 3, 4, 0, NULL, NULL, 91),
(369, 12, 15, 63, 3, NULL, NULL, 77),
(369, 1, 0, 5, 0, NULL, NULL, 88),
(369, 2, 2, 3, 0, NULL, NULL, 13),
(369, 10, 5, 21, 0, NULL, NULL, 100),
(370, 9, 0, 8, 3, NULL, NULL, 100),
(370, 2, 0, 3, 0, NULL, NULL, 13),
(370, 5, 19, 53, 1, NULL, NULL, 100),
(370, 3, 6, 16, 0, NULL, NULL, 100),
(370, 1, 2, 7, 0, NULL, NULL, 88),
(370, 13, 3, 2, 0, NULL, NULL, 100),
(370, 4, 4, 6, 1, 1902, 344, 100),
(370, 7, 37, 68, 5, NULL, NULL, 64),
(370, 12, 21, 66, 3, NULL, NULL, 77),
(370, 10, 6, 20, 0, NULL, NULL, 100),
(370, 6, 14, 6, 1, NULL, NULL, 91),
(370, 8, 8, 19, 0, NULL, NULL, 100),
(370, 11, 8, 11, 4, NULL, NULL, 100),
(371, 6, 5, 7, 1, NULL, NULL, 91),
(371, 11, 9, 10, 1, NULL, NULL, 100),
(371, 2, 0, 3, 0, NULL, NULL, 13),
(371, 5, 19, 52, 4, NULL, NULL, 100),
(371, 4, 1, 6, 0, 2286, 292, 100),
(371, 3, 2, 17, 1, NULL, NULL, 100),
(371, 7, 31, 73, 0, NULL, NULL, 64),
(371, 9, 1, 8, 2, NULL, NULL, 100),
(371, 13, 3, 2, 0, NULL, NULL, 100),
(371, 8, 5, 18, 1, NULL, NULL, 100),
(371, 12, 28, 69, 2, NULL, NULL, 77),
(371, 10, 11, 21, 0, NULL, NULL, 100),
(371, 1, 2, 8, 0, NULL, NULL, 88),
(372, 3, 7, 18, 0, NULL, NULL, 100),
(372, 8, 4, 18, 1, NULL, NULL, 100),
(372, 7, 27, 74, 2, NULL, NULL, 64),
(372, 10, 5, 21, 1, NULL, NULL, 100),
(372, 1, 0, 8, 0, NULL, NULL, 88),
(372, 2, 3, 3, 1, NULL, NULL, 13),
(372, 12, 39, 73, 2, NULL, NULL, 77),
(372, 9, 3, 9, 0, NULL, NULL, 100),
(372, 5, 19, 50, 0, NULL, NULL, 100),
(372, 13, 0, 2, 0, NULL, NULL, 100),
(372, 6, 5, 7, 2, NULL, NULL, 91),
(372, 4, 2, 6, 0, 2130, 248, 100),
(372, 11, 6, 10, 3, NULL, NULL, 100),
(373, 9, 4, 11, 0, NULL, NULL, 100),
(373, 10, 6, 22, 4, NULL, NULL, 100),
(373, 1, 2, 9, 0, NULL, NULL, 88),
(373, 7, 24, 76, 3, NULL, NULL, 64),
(373, 6, 6, 8, 1, NULL, NULL, 91),
(373, 13, 3, 2, 1, NULL, NULL, 100),
(373, 2, 0, 3, 1, NULL, NULL, 13),
(373, 8, 7, 19, 0, NULL, NULL, 100),
(373, 4, 2, 6, 0, 1860, 228, 100),
(373, 5, 19, 51, 3, NULL, NULL, 100),
(373, 12, 19, 75, 0, NULL, NULL, 77),
(373, 11, 11, 10, 1, NULL, NULL, 100),
(373, 3, 0, 16, 1, NULL, NULL, 100),
(374, 10, 9, 21, 0, NULL, NULL, 100),
(374, 4, 0, 6, 0, 2048, 304, 100),
(374, 6, 7, 7, 2, NULL, NULL, 91),
(374, 2, 2, 3, 0, NULL, NULL, 13),
(374, 3, 3, 18, 0, NULL, NULL, 100),
(374, 9, 1, 11, 0, NULL, NULL, 100),
(374, 12, 35, 80, 2, NULL, NULL, 77),
(374, 8, 5, 19, 0, NULL, NULL, 100),
(374, 1, 6, 9, 0, NULL, NULL, 88),
(374, 13, 4, 2, 0, NULL, NULL, 100),
(374, 11, 18, 14, 1, NULL, NULL, 100),
(374, 7, 36, 78, 1, NULL, NULL, 64),
(374, 5, 17, 51, 4, NULL, NULL, 100),
(375, 3, 4, 20, 0, NULL, NULL, 100),
(375, 12, 33, 84, 0, NULL, NULL, 77),
(375, 11, 3, 15, 0, NULL, NULL, 100),
(375, 13, 7, 3, 0, NULL, NULL, 100),
(375, 4, 0, 5, 0, 1567, 194, 100),
(375, 8, 3, 20, 0, NULL, NULL, 100),
(375, 10, 7, 22, 0, NULL, NULL, 100),
(375, 2, 0, 3, 0, NULL, NULL, 13),
(375, 6, 3, 6, 0, NULL, NULL, 91),
(375, 9, 2, 10, 0, NULL, NULL, 100),
(375, 7, 21, 73, 6, NULL, NULL, 64),
(375, 5, 16, 48, 0, NULL, NULL, 100),
(375, 1, 0, 9, 0, NULL, NULL, 88),
(376, 6, 1, 6, 0, NULL, NULL, 91),
(376, 10, 4, 19, 0, NULL, NULL, 100),
(376, 12, 20, 84, 1, NULL, NULL, 77),
(376, 11, 1, 17, 0, NULL, NULL, 100),
(376, 8, 1, 19, 0, NULL, NULL, 100),
(376, 7, 5, 69, 0, NULL, NULL, 64),
(376, 13, 1, 3, 0, NULL, NULL, 100),
(376, 2, 0, 3, 0, NULL, NULL, 13),
(376, 1, 0, 9, 0, NULL, NULL, 88),
(376, 5, 16, 50, 1, NULL, NULL, 100),
(376, 3, 5, 20, 0, NULL, NULL, 100),
(376, 9, 0, 9, 0, NULL, NULL, 100),
(376, 4, 0, 5, 0, 1017, 131, 100),
(377, 7, 13, 69, 2, NULL, NULL, 64),
(377, 8, 11, 19, 1, NULL, NULL, 100),
(377, 5, 14, 53, 0, NULL, NULL, 100),
(377, 9, 7, 8, 2, NULL, NULL, 100),
(377, 11, 4, 15, 2, NULL, NULL, 100),
(377, 3, 3, 20, 1, NULL, NULL, 100),
(377, 13, 4, 2, 2, NULL, NULL, 100),
(377, 6, 12, 5, 2, NULL, NULL, 91),
(377, 2, 7, 4, 0, NULL, NULL, 13),
(377, 4, 8, 9, 2, 2099, 362, 100),
(377, 12, 18, 83, 2, NULL, NULL, 77),
(377, 10, 10, 20, 2, NULL, NULL, 100),
(377, 1, 5, 8, 0, NULL, NULL, 88),
(378, 5, 25, 52, 4, NULL, NULL, 100),
(378, 3, 5, 20, 1, NULL, NULL, 100),
(378, 1, 1, 8, 0, NULL, NULL, 88),
(378, 2, 1, 4, 0, NULL, NULL, 13),
(378, 8, 17, 22, 3, NULL, NULL, 100),
(378, 4, 5, 9, 0, 2579, 337, 100),
(378, 11, 12, 15, 4, NULL, NULL, 100),
(378, 6, 12, 6, 0, NULL, NULL, 91),
(378, 12, 18, 82, 5, NULL, NULL, 77),
(378, 9, 2, 7, 0, NULL, NULL, 100),
(378, 10, 19, 21, 0, NULL, NULL, 100),
(378, 7, 33, 72, 1, NULL, NULL, 64),
(378, 13, 6, 2, 1, NULL, NULL, 100),
(379, 9, 4, 9, 1, NULL, NULL, 100),
(379, 7, 26, 74, 0, NULL, NULL, 64),
(379, 4, 6, 9, 1, 2209, 304, 100),
(379, 6, 4, 7, 2, NULL, NULL, 91),
(379, 1, 0, 8, 0, NULL, NULL, 88),
(379, 5, 27, 46, 3, NULL, NULL, 100),
(379, 3, 1, 17, 0, NULL, NULL, 100),
(379, 12, 39, 78, 8, NULL, NULL, 77),
(379, 10, 15, 21, 0, NULL, NULL, 100),
(379, 11, 16, 16, 1, NULL, NULL, 100),
(379, 2, 1, 4, 0, NULL, NULL, 13),
(379, 8, 6, 23, 2, NULL, NULL, 100),
(379, 13, 3, 2, 0, NULL, NULL, 100),
(380, 13, 0, 2, 0, NULL, NULL, 100),
(380, 5, 6, 44, 1, NULL, NULL, 100),
(380, 6, 2, 6, 3, NULL, NULL, 91),
(380, 3, 4, 16, 1, NULL, NULL, 100),
(380, 7, 15, 73, 4, NULL, NULL, 64),
(380, 2, 7, 5, 1, NULL, NULL, 13),
(380, 11, 5, 17, 3, NULL, NULL, 100),
(380, 4, 1, 10, 0, 2035, 313, 100),
(380, 10, 2, 20, 2, NULL, NULL, 100),
(380, 1, 4, 7, 0, NULL, NULL, 88),
(380, 12, 44, 86, 7, NULL, NULL, 77),
(380, 8, 17, 23, 1, NULL, NULL, 100),
(380, 9, 2, 9, 1, NULL, NULL, 100),
(381, 7, 48, 86, 2, NULL, NULL, 64),
(381, 10, 9, 20, 0, NULL, NULL, 100),
(381, 2, 0, 3, 0, NULL, NULL, 13),
(381, 12, 40, 86, 8, NULL, NULL, 77),
(381, 4, 5, 11, 0, 2092, 301, 100),
(381, 6, 6, 8, 2, NULL, NULL, 91),
(381, 5, 18, 48, 0, NULL, NULL, 100),
(381, 11, 6, 16, 4, NULL, NULL, 100),
(381, 3, 3, 17, 1, NULL, NULL, 100),
(381, 9, 5, 8, 1, NULL, NULL, 100),
(381, 1, 3, 8, 1, NULL, NULL, 88),
(381, 13, 5, 2, 0, NULL, NULL, 100),
(381, 8, 18, 22, 5, NULL, NULL, 100),
(382, 11, 4, 15, 1, NULL, NULL, 100),
(382, 5, 19, 52, 1, NULL, NULL, 100),
(382, 13, 4, 3, 2, NULL, NULL, 100),
(382, 8, 6, 21, 1, NULL, NULL, 100),
(382, 2, 2, 4, 0, NULL, NULL, 13),
(382, 10, 10, 20, 1, NULL, NULL, 100),
(382, 9, 5, 7, 0, NULL, NULL, 100),
(382, 1, 1, 8, 0, NULL, NULL, 88),
(382, 4, 0, 12, 0, 1730, 187, 100),
(382, 6, 1, 8, 0, NULL, NULL, 91),
(382, 7, 27, 85, 2, NULL, NULL, 64),
(382, 12, 36, 88, 4, NULL, NULL, 77),
(382, 3, 4, 17, 0, NULL, NULL, 100),
(383, 11, 14, 19, 2, NULL, NULL, 100),
(383, 13, 2, 3, 0, NULL, NULL, 100),
(383, 8, 1, 23, 2, NULL, NULL, 100),
(383, 5, 17, 56, 3, NULL, NULL, 100),
(383, 10, 6, 22, 1, NULL, NULL, 100),
(383, 12, 13, 87, 4, NULL, NULL, 77),
(383, 3, 3, 17, 0, NULL, NULL, 100),
(383, 7, 3, 83, 0, NULL, NULL, 64),
(383, 6, 2, 8, 0, NULL, NULL, 91),
(383, 2, 1, 4, 1, NULL, NULL, 13),
(383, 1, 2, 8, 0, NULL, NULL, 88),
(383, 9, 3, 8, 0, NULL, NULL, 100),
(383, 4, 0, 12, 0, 1224, 185, 100),
(384, 13, 3, 2, 2, NULL, NULL, 100),
(384, 1, 4, 6, 0, NULL, NULL, 88),
(384, 11, 5, 20, 1, NULL, NULL, 100),
(384, 3, 3, 17, 1, NULL, NULL, 100),
(384, 9, 2, 9, 0, NULL, NULL, 100),
(384, 6, 0, 8, 0, NULL, NULL, 91),
(384, 10, 11, 28, 0, NULL, NULL, 100),
(384, 8, 4, 25, 0, NULL, NULL, 100),
(384, 4, 0, 12, 0, 1219, 197, 100),
(384, 5, 13, 54, 3, NULL, NULL, 100),
(384, 2, 1, 4, 0, NULL, NULL, 13),
(384, 12, 21, 89, 2, NULL, NULL, 77),
(384, 7, 8, 83, 0, NULL, NULL, 64),
(385, 4, 1, 12, 0, 2459, 409, 100),
(385, 2, 3, 3, 0, NULL, NULL, 13),
(385, 12, 39, 97, 3, NULL, NULL, 77),
(385, 13, 8, 2, 0, NULL, NULL, 100),
(385, 1, 2, 6, 1, NULL, NULL, 88),
(385, 3, 12, 17, 0, NULL, NULL, 100),
(385, 5, 18, 63, 3, NULL, NULL, 100),
(385, 10, 12, 30, 2, NULL, NULL, 100),
(385, 7, 71, 101, 3, NULL, NULL, 64),
(385, 6, 15, 7, 2, NULL, NULL, 91),
(385, 11, 3, 18, 3, NULL, NULL, 100),
(385, 9, 6, 12, 0, NULL, NULL, 100),
(385, 8, 21, 27, 3, NULL, NULL, 100),
(386, 12, 46, 98, 6, NULL, NULL, 77),
(386, 9, 5, 12, 2, NULL, NULL, 100),
(386, 7, 30, 95, 5, NULL, NULL, 64),
(386, 13, 1, 2, 1, NULL, NULL, 100),
(386, 11, 7, 18, 0, NULL, NULL, 100),
(386, 5, 35, 63, 6, NULL, NULL, 100),
(386, 6, 14, 8, 0, NULL, NULL, 91),
(386, 3, 18, 21, 1, NULL, NULL, 100),
(386, 8, 11, 29, 6, NULL, NULL, 100),
(386, 10, 10, 29, 3, NULL, NULL, 100),
(386, 1, 2, 6, 0, NULL, NULL, 88),
(386, 4, 11, 13, 1, 3131, 433, 100),
(386, 2, 0, 2, 0, NULL, NULL, 13);

-- --------------------------------------------------------

--
-- Structure de la table `jour`
--

DROP TABLE IF EXISTS `jour`;
CREATE TABLE IF NOT EXISTS `jour` (
  `id_jour` bigint NOT NULL,
  `jour` text COLLATE utf8_bin,
  `id_mois` bigint DEFAULT NULL,
  PRIMARY KEY (`id_jour`),
  KEY `id_mois` (`id_mois`)
) ENGINE=MyISAM DEFAULT CHARSET=utf8 COLLATE=utf8_bin;

--
-- Déchargement des données de la table `jour`
--

INSERT INTO `jour` (`id_jour`, `jour`, `id_mois`) VALUES
(1, '18/03/2020', 1),
(2, '19/03/2020', 1),
(3, '20/03/2020', 1),
(4, '21/03/2020', 1),
(5, '22/03/2020', 1),
(6, '23/03/2020', 1),
(7, '24/03/2020', 1),
(8, '25/03/2020', 1),
(9, '26/03/2020', 1),
(10, '27/03/2020', 1),
(11, '28/03/2020', 1),
(12, '29/03/2020', 1),
(13, '30/03/2020', 1),
(14, '31/03/2020', 1),
(15, '01/04/2020', 2),
(16, '02/04/2020', 2),
(17, '03/04/2020', 2),
(18, '04/04/2020', 2),
(19, '05/04/2020', 2),
(20, '06/04/2020', 2),
(21, '07/04/2020', 2),
(22, '08/04/2020', 2),
(23, '09/04/2020', 2),
(24, '10/04/2020', 2),
(25, '11/04/2020', 2),
(26, '12/04/2020', 2),
(27, '13/04/2020', 2),
(28, '14/04/2020', 2),
(29, '15/04/2020', 2),
(30, '16/04/2020', 2),
(31, '17/04/2020', 2),
(32, '18/04/2020', 2),
(33, '19/04/2020', 2),
(34, '20/04/2020', 2),
(35, '21/04/2020', 2),
(36, '22/04/2020', 2),
(37, '23/04/2020', 2),
(38, '24/04/2020', 2),
(39, '25/04/2020', 2),
(40, '26/04/2020', 2),
(41, '27/04/2020', 2),
(42, '28/04/2020', 2),
(43, '29/04/2020', 2),
(44, '30/04/2020', 2),
(45, '01/05/2020', 3),
(46, '02/05/2020', 3),
(47, '03/05/2020', 3),
(48, '04/05/2020', 3),
(49, '05/05/2020', 3),
(50, '06/05/2020', 3),
(51, '07/05/2020', 3),
(52, '08/05/2020', 3),
(53, '09/05/2020', 3),
(54, '10/05/2020', 3),
(55, '11/05/2020', 3),
(56, '12/05/2020', 3),
(57, '13/05/2020', 3),
(58, '14/05/2020', 3),
(59, '15/05/2020', 3),
(60, '16/05/2020', 3),
(61, '17/05/2020', 3),
(62, '18/05/2020', 3),
(63, '19/05/2020', 3),
(64, '20/05/2020', 3),
(65, '21/05/2020', 3),
(66, '22/05/2020', 3),
(67, '23/05/2020', 3),
(68, '24/05/2020', 3),
(69, '25/05/2020', 3),
(70, '26/05/2020', 3),
(71, '27/05/2020', 3),
(72, '28/05/2020', 3),
(73, '29/05/2020', 3),
(74, '30/05/2020', 3),
(75, '31/05/2020', 3),
(76, '01/06/2020', 4),
(77, '02/06/2020', 4),
(78, '03/06/2020', 4),
(79, '04/06/2020', 4),
(80, '05/06/2020', 4),
(81, '06/06/2020', 4),
(82, '07/06/2020', 4),
(83, '08/06/2020', 4),
(84, '09/06/2020', 4),
(85, '10/06/2020', 4),
(86, '11/06/2020', 4),
(87, '12/06/2020', 4),
(88, '13/06/2020', 4),
(89, '14/06/2020', 4),
(90, '15/06/2020', 4),
(91, '16/06/2020', 4),
(92, '17/06/2020', 4),
(93, '18/06/2020', 4),
(94, '19/06/2020', 4),
(95, '20/06/2020', 4),
(96, '21/06/2020', 4),
(97, '22/06/2020', 4),
(98, '23/06/2020', 4),
(99, '24/06/2020', 4),
(100, '25/06/2020', 4),
(101, '26/06/2020', 4),
(102, '27/06/2020', 4),
(103, '28/06/2020', 4),
(104, '29/06/2020', 4),
(105, '30/06/2020', 4),
(106, '01/07/2020', 5),
(107, '02/07/2020', 5),
(108, '03/07/2020', 5),
(109, '04/07/2020', 5),
(110, '05/07/2020', 5),
(111, '06/07/2020', 5),
(112, '07/07/2020', 5),
(113, '08/07/2020', 5),
(114, '09/07/2020', 5),
(115, '10/07/2020', 5),
(116, '11/07/2020', 5),
(117, '12/07/2020', 5),
(118, '13/07/2020', 5),
(119, '14/07/2020', 5),
(120, '15/07/2020', 5),
(121, '16/07/2020', 5),
(122, '17/07/2020', 5),
(123, '18/07/2020', 5),
(124, '19/07/2020', 5),
(125, '20/07/2020', 5),
(126, '21/07/2020', 5),
(127, '22/07/2020', 5),
(128, '23/07/2020', 5),
(129, '24/07/2020', 5),
(130, '25/07/2020', 5),
(131, '26/07/2020', 5),
(132, '27/07/2020', 5),
(133, '28/07/2020', 5),
(134, '29/07/2020', 5),
(135, '30/07/2020', 5),
(136, '31/07/2020', 5),
(137, '01/08/2020', 6),
(138, '02/08/2020', 6),
(139, '03/08/2020', 6),
(140, '04/08/2020', 6),
(141, '05/08/2020', 6),
(142, '06/08/2020', 6),
(143, '07/08/2020', 6),
(144, '08/08/2020', 6),
(145, '09/08/2020', 6),
(146, '10/08/2020', 6),
(147, '11/08/2020', 6),
(148, '12/08/2020', 6),
(149, '13/08/2020', 6),
(150, '14/08/2020', 6),
(151, '15/08/2020', 6),
(152, '16/08/2020', 6),
(153, '17/08/2020', 6),
(154, '18/08/2020', 6),
(155, '19/08/2020', 6),
(156, '20/08/2020', 6),
(157, '21/08/2020', 6),
(158, '22/08/2020', 6),
(159, '23/08/2020', 6),
(160, '24/08/2020', 6),
(161, '25/08/2020', 6),
(162, '26/08/2020', 6),
(163, '27/08/2020', 6),
(164, '28/08/2020', 6),
(165, '29/08/2020', 6),
(166, '30/08/2020', 6),
(167, '31/08/2020', 6),
(168, '01/09/2020', 7),
(169, '02/09/2020', 7),
(170, '03/09/2020', 7),
(171, '04/09/2020', 7),
(172, '05/09/2020', 7),
(173, '06/09/2020', 7),
(174, '07/09/2020', 7),
(175, '08/09/2020', 7),
(176, '09/09/2020', 7),
(177, '10/09/2020', 7),
(178, '11/09/2020', 7),
(179, '12/09/2020', 7),
(180, '13/09/2020', 7),
(181, '14/09/2020', 7),
(182, '15/09/2020', 7),
(183, '16/09/2020', 7),
(184, '17/09/2020', 7),
(185, '18/09/2020', 7),
(186, '19/09/2020', 7),
(187, '20/09/2020', 7),
(188, '21/09/2020', 7),
(189, '22/09/2020', 7),
(190, '23/09/2020', 7),
(191, '24/09/2020', 7),
(192, '25/09/2020', 7),
(193, '26/09/2020', 7),
(194, '27/09/2020', 7),
(195, '28/09/2020', 7),
(196, '29/09/2020', 7),
(197, '30/09/2020', 7),
(198, '01/10/2020', 8),
(199, '02/10/2020', 8),
(200, '03/10/2020', 8),
(201, '04/10/2020', 8),
(202, '05/10/2020', 8),
(203, '06/10/2020', 8),
(204, '07/10/2020', 8),
(205, '08/10/2020', 8),
(206, '09/10/2020', 8),
(207, '10/10/2020', 8),
(208, '11/10/2020', 8),
(209, '12/10/2020', 8),
(210, '13/10/2020', 8),
(211, '14/10/2020', 8),
(212, '15/10/2020', 8),
(213, '16/10/2020', 8),
(214, '17/10/2020', 8),
(215, '18/10/2020', 8),
(216, '19/10/2020', 8),
(217, '20/10/2020', 8),
(218, '21/10/2020', 8),
(219, '22/10/2020', 8),
(220, '23/10/2020', 8),
(221, '24/10/2020', 8),
(222, '25/10/2020', 8),
(223, '26/10/2020', 8),
(224, '27/10/2020', 8),
(225, '28/10/2020', 8),
(226, '29/10/2020', 8),
(227, '30/10/2020', 8),
(228, '31/10/2020', 8),
(229, '01/11/2020', 9),
(230, '02/11/2020', 9),
(231, '03/11/2020', 9),
(232, '04/11/2020', 9),
(233, '05/11/2020', 9),
(234, '06/11/2020', 9),
(235, '07/11/2020', 9),
(236, '08/11/2020', 9),
(237, '09/11/2020', 9),
(238, '10/11/2020', 9),
(239, '11/11/2020', 9),
(240, '12/11/2020', 9),
(241, '13/11/2020', 9),
(242, '14/11/2020', 9),
(243, '15/11/2020', 9),
(244, '16/11/2020', 9),
(245, '17/11/2020', 9),
(246, '18/11/2020', 9),
(247, '19/11/2020', 9),
(248, '20/11/2020', 9),
(249, '21/11/2020', 9),
(250, '22/11/2020', 9),
(251, '23/11/2020', 9),
(252, '24/11/2020', 9),
(253, '25/11/2020', 9),
(254, '26/11/2020', 9),
(255, '27/11/2020', 9),
(256, '28/11/2020', 9),
(257, '29/11/2020', 9),
(258, '30/11/2020', 9),
(259, '01/12/2020', 10),
(260, '02/12/2020', 10),
(261, '03/12/2020', 10),
(262, '04/12/2020', 10),
(263, '05/12/2020', 10),
(264, '06/12/2020', 10),
(265, '07/12/2020', 10),
(266, '08/12/2020', 10),
(267, '09/12/2020', 10),
(268, '10/12/2020', 10),
(269, '11/12/2020', 10),
(270, '12/12/2020', 10),
(271, '13/12/2020', 10),
(272, '14/12/2020', 10),
(273, '15/12/2020', 10),
(274, '16/12/2020', 10),
(275, '17/12/2020', 10),
(276, '18/12/2020', 10),
(277, '19/12/2020', 10),
(278, '20/12/2020', 10),
(279, '21/12/2020', 10),
(280, '22/12/2020', 10),
(281, '23/12/2020', 10),
(282, '24/12/2020', 10),
(283, '25/12/2020', 10),
(284, '26/12/2020', 10),
(285, '27/12/2020', 10),
(286, '28/12/2020', 10),
(287, '29/12/2020', 10),
(288, '30/12/2020', 10),
(289, '31/12/2020', 10),
(290, '01/01/2021', 11),
(291, '02/01/2021', 11),
(292, '03/01/2021', 11),
(293, '04/01/2021', 11),
(294, '05/01/2021', 11),
(295, '06/01/2021', 11),
(296, '07/01/2021', 11),
(297, '08/01/2021', 11),
(298, '09/01/2021', 11),
(299, '10/01/2021', 11),
(300, '11/01/2021', 11),
(301, '12/01/2021', 11),
(302, '13/01/2021', 11),
(303, '14/01/2021', 11),
(304, '15/01/2021', 11),
(305, '16/01/2021', 11),
(306, '17/01/2021', 11),
(307, '18/01/2021', 11),
(308, '19/01/2021', 11),
(309, '20/01/2021', 11),
(310, '21/01/2021', 11),
(311, '22/01/2021', 11),
(312, '23/01/2021', 11),
(313, '24/01/2021', 11),
(314, '25/01/2021', 11),
(315, '26/01/2021', 11),
(316, '27/01/2021', 11),
(317, '28/01/2021', 11),
(318, '29/01/2021', 11),
(319, '30/01/2021', 11),
(320, '31/01/2021', 11),
(321, '01/02/2021', 12),
(322, '02/02/2021', 12),
(323, '03/02/2021', 12),
(324, '04/02/2021', 12),
(325, '05/02/2021', 12),
(326, '06/02/2021', 12),
(327, '07/02/2021', 12),
(328, '08/02/2021', 12),
(329, '09/02/2021', 12),
(330, '10/02/2021', 12),
(331, '11/02/2021', 12),
(332, '12/02/2021', 12),
(333, '13/02/2021', 12),
(334, '14/02/2021', 12),
(335, '15/02/2021', 12),
(336, '16/02/2021', 12),
(337, '17/02/2021', 12),
(338, '18/02/2021', 12),
(339, '19/02/2021', 12),
(340, '20/02/2021', 12),
(341, '21/02/2021', 12),
(342, '22/02/2021', 12),
(343, '23/02/2021', 12),
(344, '24/02/2021', 12),
(345, '25/02/2021', 12),
(346, '26/02/2021', 12),
(347, '27/02/2021', 12),
(348, '28/02/2021', 12),
(349, '01/03/2021', 13),
(350, '02/03/2021', 13),
(351, '03/03/2021', 13),
(352, '04/03/2021', 13),
(353, '05/03/2021', 13),
(354, '06/03/2021', 13),
(355, '07/03/2021', 13),
(356, '08/03/2021', 13),
(357, '09/03/2021', 13),
(358, '10/03/2021', 13),
(359, '11/03/2021', 13),
(360, '12/03/2021', 13),
(361, '13/03/2021', 13),
(362, '14/03/2021', 13),
(363, '15/03/2021', 13),
(364, '16/03/2021', 13),
(365, '17/03/2021', 13),
(366, '18/03/2021', 13),
(367, '19/03/2021', 13),
(368, '20/03/2021', 13),
(369, '21/03/2021', 13),
(370, '22/03/2021', 13),
(371, '23/03/2021', 13),
(372, '24/03/2021', 13),
(373, '25/03/2021', 13),
(374, '26/03/2021', 13),
(375, '27/03/2021', 13),
(376, '28/03/2021', 13),
(377, '29/03/2021', 13),
(378, '30/03/2021', 13),
(379, '31/03/2021', 13),
(380, '01/04/2021', 14),
(381, '02/04/2021', 14),
(382, '03/04/2021', 14),
(383, '04/04/2021', 14),
(384, '05/04/2021', 14),
(385, '06/04/2021', 14),
(386, '07/04/2021', 14);

-- --------------------------------------------------------

--
-- Structure de la table `mois`
--

DROP TABLE IF EXISTS `mois`;
CREATE TABLE IF NOT EXISTS `mois` (
  `id_mois` bigint NOT NULL,
  `mois` text COLLATE utf8_bin,
  `id_periode` bigint DEFAULT NULL,
  PRIMARY KEY (`id_mois`),
  KEY `id_periode` (`id_periode`)
) ENGINE=MyISAM DEFAULT CHARSET=utf8 COLLATE=utf8_bin;

--
-- Déchargement des données de la table `mois`
--

INSERT INTO `mois` (`id_mois`, `mois`, `id_periode`) VALUES
(1, '03/2020', 1),
(2, '04/2020', 1),
(3, '05/2020', 1),
(4, '06/2020', 2),
(5, '07/2020', 2),
(6, '08/2020', 2),
(7, '09/2020', 2),
(8, '10/2020', 2),
(9, '11/2020', 3),
(10, '12/2020', 3),
(11, '01/2021', 3),
(12, '02/2021', 4),
(13, '03/2021', 4),
(14, '04/2021', 4);

-- --------------------------------------------------------

--
-- Structure de la table `periode`
--

DROP TABLE IF EXISTS `periode`;
CREATE TABLE IF NOT EXISTS `periode` (
  `id_periode` bigint NOT NULL,
  `periode` text COLLATE utf8_bin,
  PRIMARY KEY (`id_periode`)
) ENGINE=MyISAM DEFAULT CHARSET=utf8 COLLATE=utf8_bin;

--
-- Déchargement des données de la table `periode`
--

INSERT INTO `periode` (`id_periode`, `periode`) VALUES
(1, 'Première Vague'),
(2, 'Été 2020'),
(3, 'Deuxième Vague'),
(4, 'Troisième Vague');
COMMIT;

/*!40101 SET CHARACTER_SET_CLIENT=@OLD_CHARACTER_SET_CLIENT */;
/*!40101 SET CHARACTER_SET_RESULTS=@OLD_CHARACTER_SET_RESULTS */;
/*!40101 SET COLLATION_CONNECTION=@OLD_COLLATION_CONNECTION */;
